RP-Ap32;ratIgG(H+L)	Rb(pS807;pS811);Rb(pS807);Rb(pS811)	H3(pS10)	E2F-1	FOXO1a	c-Myc	Actin	p53;mouseIgG(H+L)/goat	p21	p27Kip1	S6(pS235;pS236)	H2A.X(pS139)	Cyclin-E1	HCSCellMaskDeepRedReagent	FOXO3a;rabbitIgG(H+L)/goat/highlycross-adsorbed	ERK-1(pT202;pY204);ERK-1(pT202);ERK-2(pT185;pY187);ERK-2(pT185)	Cyclin-D1	KI-67	EGFR	PCNA	MitoTrackerGreenReagent
Dasatinib_0.1_24hr	0.0657463931231125	-0.135039330509446	0.0350844848407423	1.15389830456885	3.14087701992485	0.235718529955575	3.1376246411291	0.03642092082893	-0.0926618341279191	0.928990133984592	0.510284773190839	0.120165006375054	0.110014631688297	0.666297513535105	1.40547510516368	0.362565621834759	0.428728735125887	-0.121884239087282	0.903137029970346	0.193451259504109	-0.272514461633317
Neratinib_0.01_24hr	-0.0345420239410221	-0.0689234620734041	-0.0259926299104778	0.142035839711947	0.918556146929517	-0.0548582521379895	1.02023888660056	-0.292148965601076	-0.173128442303596	-0.0128688984323322	0.131543777546537	0.00853792748625881	-0.155001779711837	-0.273465834137114	-0.0196713373572336	0.0640105891489745	-0.0780489377516065	-0.177380601899018	0.224808508643206	-0.198024010288467	-0.821241485208192
Dasatinib_1_24hr	0.500755420837828	-0.319091296231798	0.0025735043705699	1.20511987813618	3.46057856950355	0.284991696360072	3.75441653875135	0.415209204526508	0.0499096109649597	2.16730093815117	0.00843699340167457	0.0460566555414571	0.0951404871347209	1.0235714530735	2.69361533795272	0.691196144591072	0.672444623709312	-0.201167117051745	0.193495560469988	0.105689796913498	-0.22173854793654
Etoposide_0.1_24hr	-0.231456452906988	-0.239560390050892	-0.0479359766664477	-0.0210811526626729	1.3382000942786	0.0044230040170022	1.00662797075928	-0.273605632194806	-0.0312693110727778	-0.0745764089123096	0.694828344191696	-0.00734830729800002	-0.096490349600503	0.091369147976265	0.0160811435957303	0.4973196303039	0.05640298745835	-0.17511617478071	0.928282960934468	-0.145953528251813	-0.822311600210246
Paclitaxel_0.0001_24hr	-0.170121130754566	-0.0928576889337867	-0.0164085213238015	0.0431225849126182	1.14612413475074	0.00896624841831815	0.981093425944798	-0.340380049989968	-0.173917662953352	-0.0844383291957511	0.216087773506008	-0.0193376112681538	-0.0807007273624245	0.25850886258724	0.0393047349751307	0.306163483072937	0.0241886397766903	-0.182283253384667	0.675318782561553	-0.1557590068769	-0.674084625977924
Alpelisib_1_24hr	-0.181028343413833	-0.151376191349383	-0.051694013388717	-0.00718534402506422	0.852724879394793	0.271433531034749	0.949792033738362	-0.322907073977409	-0.171047781060233	-0.0907542579064392	0.0553467505833023	-0.0367347958371791	-0.164898517528357	0.12418858897461	0.00366239083058644	0.115426355653317	-0.109133310708088	-0.276470526741936	0.195641552395364	-0.183261279078433	-0.766165343436452
Neratinib_0.031623_24hr	-0.175966494323488	-0.316707509542178	-0.0601447638691728	-0.16165231015324	0.479291705716671	-0.0999775495224003	0.944670119812856	-0.287693868626481	-0.247508815216665	-0.0978724653532708	-0.295582065230479	-0.0664246480742152	-0.240330545384477	-0.0209101127405463	0.122816797204935	-0.333821751884013	-0.247565426326347	-0.379095842645986	-0.210392468440168	-0.320572261364654	-0.709969226959569
Alpelisib_3.1623_24hr	-0.119333480054676	-0.27753152053152	-0.057809073876397	-0.184597137850745	0.305795826943187	-0.126373245833713	0.999226928131534	-0.331710332324031	-0.206542129919595	-0.171827875915169	-0.438180263004918	-0.11132985575613	-0.256798152017459	-0.142616726164507	-0.0141805378196544	-0.0659325018712395	-0.250327058941933	-0.388461509063911	-0.409986465007672	-0.385301888300932	-0.644432199454489
Neratinib_0.001_24hr	-0.281593957880184	-0.125241476267497	-0.0143410900780074	-0.212974915544963	0.640075389125895	-0.0306891329926959	0.669607373821695	-0.355330660688756	-0.210807621945973	-0.139344580164663	0.138160298326096	-0.0566595724041069	-0.128846184244427	0.147571253930113	-0.165731057050475	-0.0343372963235917	-0.116430935208971	-0.225837838360212	0.537768984051149	-0.193040861967128	-0.441276097085707
Trametinib_0.01_24hr	-0.233957890724659	-0.491920225357465	-0.0681772198877672	0.175288795355598	0.3447084026351	-0.111071698675113	0.830136521901737	-0.327797303265396	-0.138193436482279	0.212336245164106	-0.554765927696291	-0.0748884953800763	-0.270567949526822	0.169803083575921	0.242257748080602	-0.791769948861102	-0.3300382503342	-0.46876938348452	-0.503346862749104	-0.343903586306951	-0.0353877239334007
Alpelisib_0.31623_24hr	-0.285984443380726	-0.169756447113423	-0.036278666392863	-0.14000688218276	0.140685389180737	-0.0653734920567279	0.0561675188586556	-0.334749016599104	-0.189838683850274	-0.181294404623097	-0.163995553059945	-0.0890289717350485	-0.191971380975179	0.216651873217792	-0.16181022324306	0.131493177016822	-0.125521161789731	-0.280573499652318	0.197223161619674	-0.303396063675931	-0.0632587936862507
Vorinostat_0.1_24hr	-0.375766704458026	-0.215660584184645	-0.0529391899401427	-0.288312949455921	0.286238574452617	-0.0631367899680146	0.382629548104024	-0.395765251168697	-0.189197674032003	-0.188528300948273	0.230552724451139	-0.093272190323452	-0.156153134449912	0.293284143798829	-0.103369377810874	0.374669214272602	-0.174447190954028	-0.301182594764364	0.680603799949516	-0.310179263707653	0.179540334173259
Trametinib_0.0003_24hr	-0.282337835515602	-0.248829072782886	-0.0572674871266786	-0.27299219319337	0.0545273641452269	-0.123981024872758	0.393976024688081	-0.235146621229193	-0.162151146937294	-0.206780412541408	-0.167465714269803	-0.126172466759313	-0.23987989200721	-0.0880552726934951	-0.125346234244818	-0.338107081743537	-0.226604557052113	-0.277348965780959	0.0262270030213292	-0.318850681897736	-0.196362580412275
Trametinib_0.001_24hr	-0.373946695560251	-0.282216259399457	-0.0424313261619083	-0.259124067858086	0.334538009225605	-0.0295470438695376	0.279229960556811	-0.188175905954638	-0.205369235690128	-0.147497102410997	-0.143374478310546	-0.1009866287188	-0.122565438003231	0.0452993742989978	0.111825381180452	-0.666004087861667	-0.240303188332648	-0.277724874339954	0.128873914816983	-0.208651671863678	-0.135877040847418
Palbociclib_3.1623_24hr	-0.351087741220594	-0.494528846640653	-0.0695206210066879	-0.0533563894196376	0.737811119286502	-0.0493058688982375	0.481459173558276	-0.394203323472156	-0.18139691343749	-0.172866792170791	0.245002053873324	-0.118654694358508	-0.0707545518560647	0.324099029865926	0.150043591141175	0.746229447041609	0.252608855738247	-0.481349612339395	0.653048023233672	-0.431294394130889	-0.206987523455892
Trametinib_0.0031623_24hr	-0.211670977300115	-0.3894224390848	-0.0638134701076342	-0.0356631940002621	0.334548313020872	-0.0740279497256169	0.489269113746246	-0.206117326927999	-0.166523173650222	-0.0542638623907593	-0.45529648721703	-0.102252645482988	-0.175962065774144	0.403483093687493	0.315802030657921	-0.769477514264859	-0.248624992434797	-0.402724637587953	-0.291623645294438	-0.251345160788389	-0.167948333269383
Etoposide_0.01_24hr	-0.520821530983839	-0.355454494296954	-0.0531914690294643	-0.415852927719931	0.411509143284814	-0.0484194982877462	0.535373742373263	-0.418112684278038	-0.256596388843436	-0.187887931974519	0.641909462262531	-0.108476990543385	-0.185075077725704	0.0255495563210281	-0.156202298923252	0.330084357823759	-0.183775282871301	-0.336528131091659	0.904548558341829	-0.331479781095584	-0.0979558165859401
Palbociclib_0.031623_24hr	-0.30193179443089	-0.207870689898094	-0.051721050759771	-0.190323572476774	0.520561074010916	-0.0530586999600971	0.573449363802105	-0.356516566543035	-0.18441190598254	-0.185203576528564	0.121803711513943	-0.0951058868737458	-0.123745607478302	0.368973280641719	-0.117390426970666	0.151652714370248	-0.0996744940903361	-0.194057386985167	0.539531085712193	-0.223915130218908	-0.244702452554878
DMSO_0_24hr	-0.327147501979072	-0.206589082641079	-0.034717254599809	-0.20830152359047	0.00695012478006871	-0.0653682635217342	0.0794305256769531	-0.330504495189338	-0.184373600573904	-0.180685817760403	0.0551675219002435	-0.125458874574228	-0.185908912870673	0.202713989721928	-0.177987412157457	0.365637256641638	-0.117484389932852	-0.290740570301986	0.295571562440652	-0.337328051573859	0.258218341593789
Etoposide_1_24hr	-0.486115288568834	-0.408691761397558	-0.0493686653857859	-0.0797445448371726	1.2758032477295	0.0669209038090505	1.03482741351591	-0.255479149586208	0.0163451936821719	-0.051865443335963	0.597798473924688	0.15594761220541	-0.0777095940677058	0.739097682791036	0.261212604147165	0.871230080384298	0.203236688320236	-0.415192458225356	1.14134652785407	-0.233577962259573	0.327555031868285
Alpelisib_0.031623_24hr	-0.301310858456177	-0.136986461358848	-0.0426611810838586	-0.198357272189481	0.209907680388942	-0.0219627949517308	0.0589617591765173	-0.316029273211448	-0.191279379052765	-0.172377136441981	0.0663673023346036	-0.100552242376591	-0.157996985324789	0.322492384066578	-0.163098239904165	0.224472107237579	-0.0953156175584932	-0.218067746519391	0.439068315066817	-0.239391420902503	-0.0407082729435608
Vorinostat_0.031623_24hr	-0.469724319537531	-0.257160653265936	-0.0512245104465053	-0.395679744684584	0.28414024125151	-0.0355895255699947	0.148332979553703	-0.410812399411053	-0.241848061905254	-0.21354904290878	0.594059376933095	-0.109629536265914	-0.128368409706592	0.141635399351299	-0.269877980095778	0.517386852913667	-0.211181995659683	-0.299674625363893	1.24512738170675	-0.260745509109671	0.105625060435256
Trametinib_0.31623_24hr	-0.338281646831606	-0.536875575288323	-0.0842618347855587	-0.216624776676215	-0.0510024955348629	-0.136469373055465	0.0843542193276799	-0.357346326594998	-0.21868502984653	-0.055520410100236	-0.634887333751251	-0.141897817341945	-0.266182733212041	0.0331682773645136	0.414584331587284	-0.946297220601192	-0.506724863064636	-0.502117295173795	-0.619126159617013	-0.455034677498664	0.0973777224450462
Neratinib_0.31623_24hr	-0.442737233627442	-0.526452909983327	-0.0735447559834173	-0.200676037681849	-0.154327987557211	-0.126600530200128	0.148178077489295	-0.308234397220031	-0.290102107369889	-0.0795631241012029	-0.656623505077202	-0.140551011693771	-0.314042557287946	0.199043581932473	0.649595424976883	-0.848245106453437	-0.443237174053719	-0.473665061604634	-0.72449109172507	-0.490293506234437	0.591644277404662
Dasatinib_3.1623_24hr	-0.237179463361239	-0.461121001552387	-0.00480574121469551	-0.0682692942523195	1.69934816618428	0.20493561870438	2.08624516753195	0.119469852845658	-0.144321604824658	1.04981325850424	-0.546410003431985	-0.0542684584805499	0.103510085108426	1.97424249256527	1.83767203915271	-0.00895862807296949	0.164286792447756	-0.407544599869242	-0.373606969276842	-0.181996863919118	1.8437636205588
Palbociclib_10_24hr	-0.407535851281321	-0.506561109937785	-0.0693357855762255	-0.183350321865004	0.245844132295528	-0.0845185604334031	0.141734705544679	-0.432878637223286	-0.243262206670627	-0.216348535798928	0.00668577533135551	-0.138843451174386	-0.105467148234963	0.569713137998582	0.156564935593882	0.718548734585633	0.0748241004338669	-0.498420224991302	0.444355760107817	-0.470727246258035	0.469621901819935
Palbociclib_0.1_24hr	-0.419059828827213	-0.342776043663775	-0.0640031533090471	-0.190999116420444	0.273432645294838	-0.0456934094833874	0.211385926262245	-0.378372610592584	-0.158105308357844	-0.209974009847624	0.307148656585341	-0.117284526830643	-0.0251890550353803	0.307137162122425	-0.0249503376585322	0.613559888672035	0.131213875744138	-0.4277506294309	0.686711709238366	-0.383519542514307	0.525856960151682
Paclitaxel_0.0031623_24hr	-0.0909617565307726	-0.232095225381683	0.019583386972575	-0.0210778680558455	0.381443123728824	-0.0273944208269674	0.582145435765108	0.724374999038132	0.365433533762499	-0.0841442744863818	-0.154899737181039	-0.0492470362197101	-0.034265288406274	0.852937693498167	0.284848420666465	0.40157633369353	0.0651130297803525	-0.173744724477707	0.176222605588719	-0.180736669051502	0.679173594869567
Etoposide_0.031623_24hr	-0.397243113329417	-0.2271338231573	-0.0442962193769693	-0.251151637607964	-0.0436924490404509	-0.0386832113212665	0.0680352724600009	-0.294981951515831	-0.195375351690286	-0.200847873103097	0.207499723813459	-0.118086662483816	-0.0970339142224207	0.335879127598415	-0.200013986273252	0.151545612877657	-0.115685410004899	-0.244066451398285	0.552552321605974	-0.294740257639912	0.418955718075298
Etoposide_3.1623_24hr	-0.374373484378716	-0.105473700126068	-0.0501067478553775	-0.0572941338029147	0.122101949406654	-0.0174302966642355	0.31379863885752	0.0869635659608972	0.447288351207911	-0.168933860535893	-0.248654489975265	0.320969915474834	-0.108141159723065	0.769736469012615	0.145690631596254	0.888987029417173	0.145438096218051	-0.39334368508011	0.177580926583624	-0.170616509261389	0.880114240655457
Vorinostat_1_24hr	-0.29409948923202	-0.314862105399904	-0.0766041639269936	0.000197131613075141	-0.558421972414588	-0.110604387218818	-0.380344843654724	-0.496813938256731	-0.0309860840012117	-0.19573530267067	-0.53325568132574	-0.129751093863958	-0.0735701950894771	-0.229789663069205	-0.434231669186497	-0.43472305454247	-0.205615303730424	-0.480451484216708	-0.418934961923205	-0.423600606871291	-0.276245742816059
Alpelisib_0.01_24hr	-0.449081609994336	-0.301239223286691	-0.0586420687947913	-0.392454959150082	-0.173786414258195	-0.0648043610829816	-0.101682796536224	-0.360018469518284	-0.235612200135678	-0.224839643569563	-0.150294159036851	-0.134217679194808	-0.194235708051579	0.163451450877189	-0.197293360474919	0.331351476811998	-0.198735375498761	-0.368858780286854	0.246433066004275	-0.377510199339574	0.385904757844109
Alpelisib_10_24hr	-0.244164279887006	-0.408174326777807	-0.076300411999759	-0.181250077414913	-0.431177190399554	-0.139123205109251	-0.105406875076635	-0.278042175035766	-0.256780086382244	-0.224686757860996	-0.639844595239259	-0.154470812117465	-0.263817917424123	-0.0573500566023583	-0.0776667762843728	-0.378554482176024	-0.359218075521753	-0.458304268396439	-0.648350373016405	-0.489407964176382	0.2519546283457
Palbociclib_0.31623_24hr	-0.345692320621141	-0.383614750816925	-0.0678708028044387	-0.137504741059553	-0.0137716866898197	-0.0648406907557608	-0.131627241217279	-0.376384281617462	-0.152071325121132	-0.217321149854601	0.137014091599913	-0.119163689588879	-0.0462000041373856	0.203461395318408	-0.101938905223306	0.578083307259589	0.0839928136431089	-0.453459633248993	0.308860726334813	-0.441458861291004	0.534809892038488
Neratinib_0.0032_24hr	-0.565690500507527	-0.38348076147738	-0.0544401844962189	-0.461303434664816	0.00384721550911771	-0.0250602337181421	0.0230096429706608	-0.429472934779417	-0.275174277556894	-0.205238291533568	0.774315301932569	-0.125366493205799	-0.153159868585552	0.190874711189098	-0.190699618601059	0.375443469023528	-0.18694839754642	-0.374699108825457	1.03711450114555	-0.373874492009565	0.518895749209536
Vorinostat_3.1623_24hr	-0.298156546942364	-0.486206114835373	-0.0787545194038318	0.140053614416617	-0.491029329490322	-0.139834731631021	-0.305026553530323	-0.537343120631021	0.22571704051569	-0.167252022490809	-0.542668381431354	-0.133061705526028	-0.0952429884018033	-0.115192554488251	-0.327410262265676	-0.544871784721488	-0.329640070080597	-0.48902421462999	-0.558364444647028	-0.425578255039183	-0.118896663601436
Dasatinib_0.31623_24hr	-0.0926016635220246	-0.308033757457932	0.00823461327517432	0.117643189007243	1.56556831323143	0.138851851654573	0.866886866539916	0.2266877752724	-0.0709750049100817	0.389126335540572	0.130188072531171	-0.057273230362528	0.0506766824870855	1.67367771987932	1.91698992963272	0.667490946144495	0.344036530713959	-0.277231787428976	0.340325253630203	-0.117359977317758	1.29462950008337
Dasatinib_0.01_24hr	-0.350186893882281	-0.17161927235328	-0.0314422277243743	-0.182411180452086	0.0193721129679193	-0.0442707922088748	-0.0267191378140262	-0.238764744646191	-0.195695439390402	-0.178728041239907	0.15212437263589	-0.119383879774559	-0.164445208215782	0.469025316367113	0.0248204823459702	0.277442864587488	-0.114286768779125	-0.21379371304341	0.317697829711048	-0.270831904325182	0.59421800555722
Paclitaxel_0.01_24hr	-0.032200204722432	-0.101864534571026	0.278302497978103	0.0934782309345865	1.2104399798929	0.160223290454892	0.764344080310394	1.06590077618606	0.532198699095891	0.169891298002449	0.402177644725965	0.245571783687762	0.0997128149842335	1.96895269082011	1.07711172090587	0.754780995491141	0.517810041504034	0.12120528915897	0.754932590500979	0.0531842808835204	1.50412565635812
Palbociclib_0.01_24hr	-0.291565558619332	-0.215301018610772	-0.0286323700317211	-0.168516005634279	-0.326638041599971	-0.0898237816170005	-0.126521000677407	-0.324352940075382	-0.164034087356726	-0.205570475304803	-0.42548202693306	-0.116232177977625	-0.221053858273798	0.344918987749357	-0.228833171397215	0.221698346908954	-0.129420713421166	-0.384314135189978	-0.124142273106179	-0.411060002848567	0.15043556608636
Neratinib_1_24hr	-0.303043606599507	-0.507999612245302	-0.0686557005278023	-0.31845434801911	-0.491700906593551	-0.151947165757757	-0.25088504530022	-0.270883911116887	-0.243178976613582	-0.166722472284423	-0.693337481131129	-0.131062924096279	-0.329925907931589	0.0096981976453217	0.291144986718918	-0.743163733057893	-0.407142231827271	-0.510413545314623	-0.742170873526103	-0.535327859821296	0.368888833881121
Trametinib_0.1_24hr	-0.32523954712046	-0.518754855566684	-0.0764883131269584	-0.170001523913032	-0.414770243995137	-0.142731000850728	-0.163844602748017	-0.401677467654299	-0.213874557412303	-0.153703187033153	-0.667309642816757	-0.146717044385718	-0.318116434956105	0.0462709451103933	0.246509896667452	-0.797930136009658	-0.43609011192259	-0.510980556945019	-0.662527039826486	-0.510299788013705	0.441531412571757
Vorinostat_10_24hr	-0.545609439899078	-0.519259521052529	-0.0715988309867702	-0.382804603086372	-0.560836874807228	-0.15062585369389	-0.193577553054555	-0.510446008427221	0.0382234965533715	-0.128137557209291	-0.677770366747527	-0.141883852542152	-0.150384907536367	-0.29239508966306	-0.0667276266265867	-0.677460486379023	-0.373067899346706	-0.521373845446595	-0.732683978458159	-0.457330036739844	0.295065745600554
Alpelisib_0.1_24hr	-0.332894649378744	-0.258120312351078	-0.0549079751222627	-0.241236204346071	-0.28972935263941	-0.104839441640553	-0.226134074243453	-0.346172992950306	-0.19984957420287	-0.226202991982637	-0.262227581566241	-0.15600135306159	-0.261689530540805	0.0145951956841243	-0.246382291862994	0.390184640491265	-0.208822856408665	-0.347730459326054	-0.100748234015259	-0.43413272588271	0.450461985838295
Etoposide_0.31623_24hr	-0.251172453617527	-0.352784005422111	-0.0675156287387193	-0.0981510789756126	-0.140137472001255	-0.0820941371620189	-0.0896409850312753	-0.120205973522769	0.128311867591426	-0.214774211280033	0.0443517611089026	-0.1294169197526	-0.14802176805932	0.240240765334479	-0.116942636173755	0.72238238559325	-0.0464146212978546	-0.354760341666743	0.150835955293914	-0.391957534001944	0.551536110994682
Trametinib_0.031623_24hr	-0.40812436309365	-0.521093528545967	-0.0814494969794413	-0.239044327456989	-0.520265937787041	-0.169569026763041	-0.22203921041947	-0.420943696461222	-0.215767032058136	-0.166819259971431	-0.661746296060212	-0.160961532744862	-0.345561945109051	-0.310559008944278	0.124539704029168	-0.812629796323609	-0.492816121760709	-0.523480092374471	-0.697838269300557	-0.545003202349971	0.16733599863844
Neratinib_0.1_24hr	-0.308442969770404	-0.459141847014302	-0.0707709768206066	-0.154673932468352	-0.509714071151947	-0.118343068950685	-0.14752709836449	-0.302099927795724	-0.267299797794408	-0.175791643709521	-0.669404801800166	-0.157327318026389	-0.271639550801867	0.186314385010757	0.0374473343491704	-0.46818974887474	-0.314045921601125	-0.508780272793651	-0.690644182157715	-0.507800286234038	0.482357364537506
Paclitaxel_0.00032_24hr	-0.35535032642156	-0.218931808702366	-0.0253058681313182	-0.224620453356601	-0.320974869935868	-0.0751927370121701	-0.301319059621513	-0.283782610139916	-0.1788685849119	-0.216234590654784	-0.00954822456888857	-0.138628054935392	-0.232454614787021	0.447824842850152	-0.13723115691122	0.334853188225765	-0.0753126097873038	-0.294141223399488	0.112266735674323	-0.389064503999243	0.396414736416489
Etoposide_10_24hr	-0.334407030089799	-0.363721380746889	-0.0720568813066403	-0.0798875729603984	-0.602577211517924	-0.136967317998343	-0.171812119983693	0.225434246479182	0.540745483642059	-0.229675074533045	-0.601112370615702	0.173070942848107	-0.285221421410792	0.0144971274434813	-0.125314511071742	0.572595480416915	-0.221091785110339	-0.509989793639855	-0.556152220744343	-0.475376593867759	0.102946904646915
Palbociclib_1_24hr	-0.392524403647814	-0.438583065806739	-0.075752677380166	-0.22864512247461	-0.276915068572341	-0.12022976365715	-0.314468769840014	-0.392961070547301	-0.178607787103777	-0.239341950105416	-0.341781246868409	-0.159838623873231	-0.221943806531223	0.206860870379851	-0.12475764932957	0.516756723502009	-0.0738188118646144	-0.506836772627035	-0.15569105729095	-0.517626961139795	0.243774573074894
Dasatinib_10_24hr	0.229747314768381	-0.374813469014772	0.0176552828171604	0.180138089660619	0.473936105799474	0.0145138712381076	0.803194748987196	0.616588793763543	0.101198921611437	1.30468961267228	-0.668438197005687	-0.0662551815764009	-0.182968274611354	1.57030182954839	3.47308170032495	0.180054358206851	0.168048103630662	-0.405549642403959	-0.603502749344993	-0.39680974092229	1.79561294877668
Paclitaxel_0.1_24hr	0.195402777679029	-0.0520024651122136	1.07297208813082	-0.264492479321877	-0.305324117559353	-0.0586345434524242	0.520387236869683	1.26062538919671	0.251143385384669	-0.0444224315603259	-0.355442388277633	-0.0746716553521963	-0.295346226634758	0.587495474772252	1.36266084641121	0.503250951090586	0.26431083785484	-0.141368799419209	-0.464807302057797	-0.475526318898207	1.40027738560417
Vorinostat_0.01_24hr	-0.265656078962525	-0.260732037606261	-0.0585369998226951	-0.221803858654104	-0.42020898986035	-0.121326565824832	-0.393649134914588	-0.336018887945429	-0.200880260673678	-0.239304943094261	-0.443651309216531	-0.165620675033304	-0.293897634581177	-0.034351454607049	-0.217042657056931	0.32590279833528	-0.249931323225792	-0.401635860348228	-0.272532354294836	-0.474457489455004	0.0787287445689738
Vorinostat_0.31623_24hr	-0.252994982498934	-0.246577716932583	-0.0423331466170622	-0.106961529249659	-0.486923206062528	-0.135258903519261	-0.336491140402591	-0.406379585549663	-0.161467595261151	-0.241238821098814	-0.365259146216338	-0.155879147250609	-0.291443502590641	-0.212992511308624	-0.299412600309254	0.261416413956165	-0.292436337454449	-0.418425672782082	-0.333129106430961	-0.487246406158539	0.221293357881031
Dasatinib_0.031623_24hr	-0.473934630177323	-0.379279648314307	-0.0591901767987097	-0.426765962777915	-0.692870584140246	-0.186136683665911	-0.491460046717894	-0.422611263664307	-0.279299259243317	-0.248343068251273	-0.556704245499247	-0.155324048559418	-0.387993566546233	-0.756485502850152	-0.323847123389351	-0.155640837234594	-0.406460037836096	-0.471850072400505	-0.615413959663174	-0.548437897428438	-0.525362423230112
Paclitaxel_0.031623_24hr	-0.610926572571158	-0.450056070227988	0.0889162320500398	-0.56442124466662	-0.917183461988084	-0.203062629567571	-0.694110199411315	-0.368629338458455	-0.227736298728309	-0.254321596870362	-0.659285548616585	-0.154843929894841	-0.383765439254814	-0.925875296405469	-0.533393408262746	-0.660260342940089	-0.395613370858261	-0.471450826520747	-0.743187048435316	-0.566802708906397	-1.0595269636934
Paclitaxel_0.001_24hr	-0.273386374207116	-0.198209335803047	-0.00455021634428626	-0.143867748995704	-0.285416166548685	-0.0798558989452186	-0.236799402458129	-0.1007923023826	-0.1012756630143	-0.181625949530861	-0.28536731552131	-0.130628542491142	-0.217837045953776	0.413078201603193	-0.0498608331566	0.303488758834933	-0.0281152027591241	-0.306143362501868	-0.199718389418447	-0.397093417855829	0.646226755184249
Dasatinib_0.1_48hr	2.25415823478663	1.44980251111634	0.309913013733189	4.89864343180736	3.97142691347392	1.05728294320503	2.95037731071519	1.24389290675624	0.727489311925074	5.23606523289263	0.157496855150319	1.53204967755747	1.19457820869247	1.09970606367834	1.74812817175799	0.502062535987139	1.78486374052808	1.39067094756203	0.526484125326195	2.72396121080853	-0.288873378508653
Neratinib_0.01_48hr	2.81037586877498	2.60173472511229	0.398217945204284	2.11031071212489	1.54526715019778	0.514717866402501	0.730743773556995	0.834668664413781	0.603164375480696	1.3627788422108	-0.240300958004371	1.10686362295389	0.55821319400662	0.0595654494226906	0.0922818154870248	0.0962709610724848	1.26743828961754	2.12672500015941	-0.166194917010443	1.99793816803445	-0.852497591294526
Dasatinib_1_48hr	3.31659809346027	0.341909204076176	0.0653520880227324	4.00985908477016	4.21442058505182	0.675347233969915	3.85206235953661	1.84616120778573	1.14283180303342	8.74111766677822	-0.100083843376267	0.819792676286894	0.860245278928418	1.68472269591801	3.68512923392473	0.89795893124309	2.28458066894469	0.642907381125875	0.122036355813494	1.56018081141468	-0.137050697754412
Etoposide_0.1_48hr	2.14221028818415	2.36428213525401	0.18685631408869	2.08370321810751	2.49567889819171	0.873206787004762	0.958466854020211	1.20750630892281	1.5536518124857	1.18577870111207	0.121818371889894	1.56825064731248	1.1334800297192	0.778161797341216	0.175836047530016	0.595426479216542	2.12928050489451	2.63937542505766	0.376870289411481	2.83045684441371	-0.764182491124397
Paclitaxel_0.0001_48hr	2.40376369736608	2.74193824994852	0.436016390003038	2.00101186989673	2.2531030642145	0.711282262679691	0.938496699889252	0.664166583371823	0.630028634423376	0.979538209803309	-0.0766589060184423	1.23668669067844	0.885326872480285	0.963316524393492	0.192083441832185	0.418799749521465	1.48304053548869	2.20511822204546	0.281111414949515	2.34031306854905	-0.593765130268619
Alpelisib_1_48hr	2.00721568446611	2.16539621925377	0.191690972181473	1.62193542049629	1.43997970740997	1.20385451313596	0.790576575352089	0.61975799410133	0.541470757686314	0.872863130433005	-0.247794690921316	0.949898435147772	0.590839161465345	0.626660648575956	0.373254471265553	0.13190807791361	1.02879126495242	1.49019218722438	-0.155553106497167	1.84628724070943	-0.761328087053944
Neratinib_0.031623_48hr	2.24670901352858	1.17190492257618	0.137944572559875	1.02263977502578	0.607755965437245	0.249039903469124	0.471797485718985	0.914333125865216	0.250425121742402	0.864930748887472	-0.516622079714155	0.833568932203466	0.216462305552773	0.193086679637244	0.152398316150708	-0.428031112168008	0.677578604857713	0.619237620373578	-0.496928325180554	1.20819493270027	-0.841803922429686
Alpelisib_3.1623_48hr	2.07553092482824	1.31980272957028	0.294198373407706	0.83138851133424	0.474767631191814	0.109793006048489	0.657222973693528	0.631214603709528	0.43786933101029	0.433661870913109	-0.568057532478334	0.462286425403025	0.111774633616781	0.176376316685451	0.563138198137736	-0.151347283003298	0.749358160535771	0.538302571827893	-0.577369284780603	0.628331501790884	-0.736213961124511
Neratinib_0.001_48hr	1.48247976301694	2.2098037457533	0.228212934010683	1.10594306889908	1.47420214390784	0.781912711985226	0.572589450443792	0.522617568967679	0.337373113298364	0.612445593166711	-0.191553282884522	0.957513487904442	0.838612503333051	0.715400301247954	-0.074630505713251	0.0421752209143896	1.06359318346266	1.83469461266965	0.0748907230966804	2.42835783343513	-0.397666553269098
Trametinib_0.01_48hr	1.92662409059458	-0.303372219722598	-0.0199662066318433	2.17566513313259	0.449249461173585	0.117429521205405	0.321343768347896	0.76572078521632	0.902390661635531	2.58012284670515	-0.631638539652572	0.432325669382515	0.276705912179596	0.181859766396051	0.104309942910586	-0.805103537841974	0.0687737737915056	-0.092577826937447	-0.633988220373427	0.718002621015347	-0.377561098306533
Alpelisib_0.31623_48hr	1.84408617853057	2.21895684898143	0.307069953973938	1.29385553711467	0.651582698835492	0.580054609678537	-0.0515691151909081	0.855828027589179	0.518765870920966	0.44095385442618	-0.398009949453496	0.528054966039433	0.696445381135671	0.72305665621622	0.0607391607412147	0.150835231854742	0.953566573176728	1.53511944695456	-0.19077871873433	1.6307091598794	-0.06425877784882
Vorinostat_0.1_48hr	1.42044599951558	2.27069760862604	0.2902723522132	0.886755972199557	0.857641119423875	0.675503866972692	0.191310499811025	0.549541233746679	0.586910831477661	0.42467238457349	-0.207729830533611	0.611800139282389	0.943670792897358	0.916865908680066	-0.0712876430681306	0.332605647474393	1.08720018940833	1.67425591701515	0.0921422011920063	1.75884094050755	0.139550029580705
Trametinib_0.0003_48hr	1.65932921366063	1.67474448243414	0.199694604815142	0.746074407963038	0.410165740814717	0.342723237862083	0.172899131265699	1.14649859658471	0.62125999740348	0.280779773596418	-0.441497828795794	0.304385951196107	0.556011269153057	0.283379342978449	-0.130114585575536	-0.390851932196553	0.973762749211913	1.77376575065237	-0.327861879365578	1.42134175900626	-0.253699611979325
Trametinib_0.001_48hr	0.716401281843022	0.906937915508023	0.179006222981961	0.603762268279743	0.730065952281296	0.76744151774108	0.0921526934763857	0.963390418960519	0.375920876470395	0.535194826257338	-0.397290294026607	0.462873708753809	1.12260815900928	0.379473362623383	0.00140339137464367	-0.701012769132588	0.709040677912135	1.00489711276524	-0.255531412423593	1.99917240535991	-0.223462079618208
Palbociclib_3.1623_48hr	1.90759109058851	-0.205510276437356	-0.0552111874097246	1.87331158534996	1.56614318916652	0.677211017004933	0.325363863053624	0.495428364005287	0.999570682012119	0.657385049415974	-0.169447174011313	0.241721412068391	2.65653344718612	0.96113425106469	0.268878056535368	0.701272544884173	3.15344636255686	-0.00959013656125288	0.106985154417981	0.890824683295746	-0.161495930923307
Trametinib_0.0031623_48hr	1.9986863268076	0.455804408360852	0.0436888745089224	1.37299897744761	0.552943257406514	0.422923695941492	0.155619658105071	1.31000407715776	0.78849032823384	1.16246636353726	-0.58139228727655	0.362032479095112	0.935408840613815	0.663080477934387	0.0803347686686389	-0.781500088974638	0.714068439985926	0.45076314587968	-0.522238374898301	1.48491024092769	-0.322795686333098
Etoposide_0.01_48hr	0.104403153115194	0.818407535661903	0.21254552828556	0.563840683957027	1.47876641265553	0.973626408800447	0.542672159628091	0.0574445404157099	0.159690408703459	0.628486609434319	0.144024667770875	0.565057803369743	0.915790105143757	0.871636277385429	-0.106727584761476	0.32217430608605	1.01083422696441	0.942848087922986	0.474098429760617	1.58231798330578	0.0377032936285335
Palbociclib_0.031623_48hr	1.92724568759451	2.2991156808351	0.2529979563011	1.18721145343587	1.36900515483327	0.727926916001848	0.432953894713156	0.740858052993926	0.629966243200933	0.45132067008025	-0.22162639232116	0.675713075858047	0.998056795057205	1.05880378466579	-0.027795223903311	0.194837114062795	1.41031912482003	2.71885300392051	0.05812608362699	2.3050316964436	-0.177624263807525
DMSO_0_48hr	1.46606609501372	1.78197155300792	0.338825424587356	1.00638029009382	0.565654174902729	0.597886529270989	-0.0622684471770995	0.74965958164558	0.456970333402651	0.363840245786543	-0.260042413825146	0.281704444582822	0.630221184571908	0.814316158169441	-0.0845034983186214	0.379898597944205	0.945057727809779	1.51946405564511	-0.0771738882313896	1.22694702852204	0.23690926208566
Etoposide_1_48hr	0.228004557409306	0.911489178183231	-0.0128809773438144	2.49052482427958	2.81635080682395	1.47859501487003	0.936212538611896	0.886853025494925	2.59550256814523	1.63569447273925	0.106348066297676	3.57180341689212	1.37402332879511	1.87455491045535	0.348174233503517	0.848550130491777	2.34334534861829	0.449617891851283	0.605442489269279	2.32742013264437	0.413774580129608
Alpelisib_0.031623_48hr	1.72872184141646	2.43992418389949	0.341751541755904	1.12807994277526	0.806484686309401	0.716651954501896	-0.0500480801860328	0.829859918374028	0.493774505346907	0.494536680593537	-0.243372576846068	0.437497746498022	0.876747279318303	0.924091051793896	-0.0238262508667648	0.268532448804294	1.07374403269313	2.1371652902327	0.0250199021948922	1.9098160039776	-0.00900087734974154
Vorinostat_0.031623_48hr	0.72650692614051	1.75614829042633	0.303695169411962	0.572341293045111	1.09307704047765	0.872720856584304	0.0439255999641322	0.4469731623985	0.271561034135038	0.333663508661593	-0.018499547769927	0.457341483477741	0.994234387412467	0.967118328826054	-0.194271965247321	0.461506562712004	0.871028161819016	1.75080548078726	0.446138668608867	2.19121419434214	0.127764131812748
Trametinib_0.31623_48hr	1.77793411339969	-0.526786711611094	-0.0761791389268559	0.993937559258106	0.00418919789850243	0.0341017290008264	-0.255356528337466	0.710931017719209	0.80513354237577	1.67727681109506	-0.677145321638789	-0.0154567759515244	0.357211294169859	0.140885207668021	0.210545601804625	-0.949708489717821	-0.349880296085843	-0.121606532637131	-0.69803275994829	0.394990938670994	-0.241598524383613
Neratinib_0.31623_48hr	0.500512314351053	-0.513247934551028	-0.0626437330776	0.411958201112873	-0.0528542007220281	0.00977473197972677	-0.0754833428813285	0.381583948433103	0.129062252130912	1.39099088346079	-0.654131900686725	0.0193895207806102	-0.0538055041565737	0.442616801325704	1.0407652031244	-0.840374926279866	-0.320922415790144	-0.145531551434585	-0.728586752191777	0.043924904901392	0.400293812993522
Dasatinib_3.1623_48hr	0.172896490713866	-0.416708881544007	0.0565586180734921	0.933185841403098	2.87740724335803	0.857507969830908	2.22390265330899	0.521627652319537	0.267682363803487	5.8768102528116	-0.545965717342363	0.180270026265755	1.34747091260938	3.25348625192847	2.4320309702317	0.186088293076072	0.826261696516568	-0.156714086795851	-0.338266889794215	1.0311293426554	2.19176615255332
Palbociclib_10_48hr	1.57473318716653	-0.353636625289377	-0.0576788257806258	1.54308618056633	0.913741267064907	0.7446495092208	-0.0417714546734757	0.356044851386255	0.434564852530667	0.339584162982139	-0.310531656520222	0.00382595003632476	2.51842110910785	1.2534097558293	0.210465651347488	0.649554969539583	2.07539378684388	-0.0787568348399875	-0.0364347342845007	0.60128916964116	0.465582313560301
Palbociclib_0.1_48hr	1.23275662112201	1.19554041304876	0.0420277806806125	1.24478649322507	0.872237911081288	0.765707662615454	0.0294568648158182	0.643783123515764	0.959183348422451	0.366160371040259	-0.173584354799697	0.27037123443134	2.29288643466554	0.966447365269253	0.0415386030412406	0.528295608569508	2.48314767270975	0.499265354565188	0.0655688019845836	1.41108755964834	0.477346245982397
Paclitaxel_0.0031623_48hr	1.65676311919793	0.975565736773739	0.573132908611188	1.14026657675799	0.716633075667096	0.399733014943005	0.361449596325007	3.98893252419247	2.29328548390589	0.489102623610052	-0.326874387659654	0.406445396554345	0.897500807521984	1.226462225517	0.362531689777028	0.339935861589647	1.27351250236977	1.02535704805065	-0.0958563565889242	1.20707145078204	0.562029826068268
Etoposide_0.031623_48hr	1.23634996416052	1.90692356170919	0.244387784006973	0.98855949801654	0.512989405590736	0.797111031958652	-0.039136551558887	1.07533526569937	0.561565661720614	0.328815429073745	-0.191025473180472	0.344903693299482	1.05077158709727	1.03297795508004	-0.105094207031441	0.175013073550041	1.1295564763368	2.01290018718224	0.049050505504131	1.78747734651659	0.473374900797626
Etoposide_3.1623_48hr	1.16322486852593	2.73698975124076	-0.0373173196415503	1.45160587576556	0.684275112235126	0.714267494620332	0.0203332082539668	3.31768758453145	4.90584872915145	0.514341750152705	-0.50161218101737	4.06624616784491	1.37796023300258	1.37226714031522	0.27631183517328	0.739327540154822	1.59800259824328	0.719142572420138	-0.275993512859248	2.8668405126018	0.644019258823923
Vorinostat_1_48hr	1.39593627760072	0.606110188393148	-0.0387753187369442	1.1693033831307	-0.286742314476851	0.256017606914968	-0.590187249985091	0.161317509328995	1.18164095223769	0.205272044853082	-0.649481289180738	0.141711557657384	1.54789231371457	0.0660402349043318	-0.411870578511631	-0.518639220094589	0.799344861702746	-0.130008196416887	-0.64905906127445	0.599917085396628	-0.571457830161648
Alpelisib_0.01_48hr	0.857650481554734	1.47544755470153	0.210503306103652	0.475147748807545	0.30371422548492	0.630228729245018	-0.206387292473412	0.679583451035295	0.293878714479613	0.203050408627612	-0.40767336028082	0.128229153198772	0.691160239407161	0.85050955257624	-0.100467392978846	0.314486241390294	0.818301577379051	1.12729549953996	-0.123268507875666	1.198188976482	0.354638053298872
Alpelisib_10_48hr	1.48237806438969	0.230539596073135	-0.00289895657593888	0.818851704042372	-0.283838194609281	0.0753770626230401	-0.304847508637396	0.774020558789813	0.118658221471464	0.12685946072827	-0.670345064043731	-0.0378561727802917	0.188662584835434	0.188370465779972	1.04766476972492	-0.392520170136608	0.0960785373390115	-0.0645941370080719	-0.708068697640841	0.0771011731105393	0.0394707792818749
Palbociclib_0.31623_48hr	1.7902613380747	0.772400321652412	0.0360667200814529	1.25382102196941	0.44475525587588	0.613192031228692	-0.372264788979997	0.733696417950864	0.937523329247077	0.252398658743744	-0.298158159058339	0.0988986358889496	2.21418936544117	0.795299219387895	-0.0368388911855428	0.453059246220388	2.22651825766745	0.400245475027822	-0.16517528193979	0.86008901673442	0.361758335148754
Neratinib_0.0032_48hr	-0.137708897503382	0.493542703703373	0.216130069957946	0.214637032243833	0.857992462906972	1.05137807951286	-0.0115337151964403	0.0223784824217232	0.0155745696510627	0.300712775551998	0.160170293246987	0.145504114708201	0.814939305067918	1.16466838951908	-0.129900033214577	0.300622545916845	0.81974866849438	0.656400799836792	0.442361828448632	1.06550814175946	0.574399493631292
Vorinostat_3.1623_48hr	1.65064314103629	-0.138726789806598	-0.0362275965273346	1.6278527497394	-0.197371631543374	0.095093822865168	-0.536566040395263	0.0340738347759719	3.05110034902895	0.510824751149401	-0.645307506202189	0.125871843431203	1.80047874716471	0.222023421344901	-0.260216857734095	-0.617540023506258	0.495225719543804	-0.0226589756801558	-0.69153132118864	0.712186096453805	-0.439087205969954
Dasatinib_0.31623_48hr	1.21444906246616	0.33399252347743	0.1420601521319	1.28905853685275	1.99731349648979	0.721669425337376	0.720029884393555	1.32795868763944	0.578579433713473	2.32375592444846	-0.0771526210403014	0.223700877783658	1.08556294106464	2.20878348749176	2.27118743300135	0.652937617624608	1.34344233584704	0.490284419542872	0.12752035869691	1.17838951410869	1.28950508858592
Dasatinib_0.01_48hr	1.16435819923077	1.76513762745228	0.244562546267876	0.920206720776189	0.383417196335061	0.615893408805487	-0.258690983328007	0.944276093818009	0.370423346817929	0.326714813095925	-0.24724921146659	0.18543706628198	0.749606519005834	0.937805023105776	0.00847246195090144	0.195852328962139	0.793760734515604	1.79838761810893	-0.107008352129275	1.37470086213908	0.421202107218713
Paclitaxel_0.01_48hr	0.61233104726577	0.373684365044929	1.93534872698291	1.07934678644549	1.6878249003069	0.639048270813931	0.742669583708319	2.90959738903045	1.69443725363474	0.950285010033216	0.24213599173807	1.60541623178442	0.870102875119001	2.59646002004789	1.27146194411641	0.854118943950362	1.48636070006612	1.15846716663306	0.623259710716242	0.880979023276437	1.58131026304294
Palbociclib_0.01_48hr	1.81365346401406	1.80100946113862	0.31139472592023	1.0550471129056	0.0633918301398429	0.335290074049772	-0.268638075634196	0.858896053909857	0.476846284524604	0.217810652908597	-0.532198738384318	0.212265075873076	0.454961881826409	0.853170492801123	-0.124700142930341	0.275389187951082	0.814052310418174	0.70365675591704	-0.347857187036479	0.700761122369255	0.0878266062235849
Neratinib_1_48hr	1.54257511665989	-0.480065440748809	-0.0324745111603556	0.61168676374634	-0.474030203152074	-0.101806761331967	-0.451459340521989	0.732696064062844	0.299519945378218	0.579903675564738	-0.69516945378974	-0.0334153126935846	-0.182826097094599	0.142296649842707	0.998253988168855	-0.70883079427744	-0.350170271060124	-0.355316670241296	-0.75298299431307	-0.303185479471138	0.132736220508122
Trametinib_0.1_48hr	1.88664280795202	-0.493971683997958	-0.0782823538150291	1.13949724341008	-0.364292857084826	-0.0158793521096672	-0.467659871884716	0.616410250899831	0.679422479178261	0.913079682754675	-0.690221665235796	-0.0840738039792086	0.118642943981547	0.163916683659154	0.0992566632637371	-0.827908185254166	-0.324380633872255	-0.279471542492222	-0.72264486547522	-0.00580451683644646	-0.0353180565920896
Vorinostat_10_48hr	-0.080480794477275	-0.507920111843751	-0.0732133831034242	0.204513021427103	-0.214084469520165	-0.0848182235518918	-0.499495171080437	-0.304679723765508	1.95609787295279	0.823663866593654	-0.692517868796595	0.0390425733949131	1.28906567506182	0.120971520664426	-0.0942974800459191	-0.707821869134614	-0.118494464856907	-0.374306730021111	-0.745988977184774	0.597660117603936	-0.164202107057594
Alpelisib_0.1_48hr	1.59589141069935	1.55943491401161	0.209997907311537	0.870851583303219	0.0650363939702726	0.32119300546299	-0.38038381246541	0.74045625611885	0.381356822973867	0.153097505608647	-0.45949004318618	0.0173723578215465	0.312869185484815	0.554026652172569	-0.0912321986734732	0.415190574849093	0.714244061811821	1.22419062825509	-0.352053098942375	0.61748120269493	0.406877967552798
Etoposide_0.31623_48hr	1.76967351224908	1.01294687862722	0.0618948782523266	1.08977714734756	0.289085960015019	0.377765517283199	-0.268003519756946	1.91339691267318	1.91095188261609	0.159052918119316	-0.324523715770281	0.167588261521986	0.738378477914984	0.858696793275979	-0.0504557109700966	0.659162001833619	1.43979784465828	1.19693397583456	-0.233303499818131	0.818245984391858	0.461028227083089
Trametinib_0.031623_48hr	1.41972058376589	-0.507537628200658	-0.0843347677806638	0.819061064794825	-0.522159619105843	-0.0852371218588295	-0.527171721122384	0.600541660723233	0.611057086620422	0.702321416839815	-0.688699784692353	-0.117680370857759	-0.0916138088224709	-0.258765199844872	-0.0722954965330081	-0.842929691200335	-0.36321079725484	-0.311811026446202	-0.751602046681255	-0.222205063942907	-0.333481643443329
Neratinib_0.1_48hr	1.51531115473209	-0.126237423856861	-0.0718321037095429	0.931937083832805	-0.453603558298278	0.0577030017891072	-0.399202425283303	0.879038756419708	0.118471122295076	0.332323378591117	-0.692058826462883	-0.0714065696752018	0.0492652330391208	0.273777323273259	0.382824577162123	-0.507950308392514	0.0915515649329549	-0.333487614323215	-0.73873440505578	-0.11683775514637	0.0587234021537507
Paclitaxel_0.00032_48hr	1.24123568442093	1.59677518458562	0.309508033857615	0.843531604480385	0.0219926790576885	0.460642310048307	-0.42052834504228	0.834524807100453	0.42606556668248	0.164287649441306	-0.332433404677906	0.0315203014249614	0.436281900396191	1.01526058288877	-0.0196254698275677	0.337865009448254	0.801164347325492	1.3334116305016	-0.228719621109582	0.760312550055478	0.33421929356857
Etoposide_10_48hr	1.43696844713524	0.617015529877766	-0.0651234178565678	1.20417097574694	-0.402197509637153	0.00742953524424475	-0.33984495421241	4.06568717772582	4.83111994591254	0.142000197711594	-0.647927342293353	2.17673799326278	0.0963767443638465	0.325589558552916	0.0923786831932032	0.565854456725202	0.744362523525561	-0.307149706441556	-0.651319874496216	0.151061393241755	-0.178623714728505
Palbociclib_1_48hr	1.55099438683158	0.135488144021782	-0.0526535644436122	1.12827841812334	0.0549079686205848	0.267055411534696	-0.468353579244719	0.536520547392865	0.857771008090011	0.191001848604663	-0.511910365346258	-0.0740260098688271	1.06138778131739	0.715316493300081	0.00475232293924864	0.456329244709275	1.80105891626533	-0.224027197429095	-0.417628842756654	0.0511133151540057	0.0408840948232909
Dasatinib_10_48hr	1.47410069425978	-0.340034083960954	0.0338779782019629	1.20509348145401	0.667188166439214	0.12836691388871	0.867931981259218	1.90294141913274	0.923217396006688	5.70686079767308	-0.65962855818948	0.0935441456639438	0.0657359899657786	2.14964423625741	4.55541301358627	0.36736849781097	0.368287857011294	-0.211127866575098	-0.583149281330669	0.0130059939787875	2.04576049654956
Paclitaxel_0.1_48hr	0.950700357465748	0.457140990305554	4.55989457335118	0.275442853641086	-0.15245500380682	0.0682579903223444	0.62747551553696	2.97666110652703	1.05948173007134	0.452848549621292	-0.400755285374189	0.31315371639842	-0.1255139300589	1.03847505079339	1.80004560915489	0.672444514073029	1.06600186440183	0.550043284279099	-0.464945252371615	-0.31027355990911	1.70518055388971
Vorinostat_0.01_48hr	1.81023768797311	1.29839790452999	0.139695981982065	0.848201530036396	-0.0789510206612222	0.172155204789026	-0.511854102946361	0.773165737842976	0.387375093974432	0.0632393629010744	-0.555277036950715	-0.0338705180080275	0.170903410857579	0.437022089181067	-0.108038685598087	0.40280812638587	0.501195448471861	0.536516614042633	-0.451774390607	0.226718847543047	0.0376288542696737
Vorinostat_0.31623_48hr	1.77902633448067	1.3469853069903	0.437468260517268	1.06174170726805	-0.253395107242245	0.126322742339747	-0.535774241809967	0.510221217150838	0.628913323553832	0.0512683246389428	-0.548297770188499	-0.000962293434638944	0.220962673571869	0.160101009218803	-0.209372685631365	0.188130623433386	0.541134502612885	0.607489603969807	-0.539548054066356	0.185137881284106	-0.00940386952764606
Dasatinib_0.031623_48hr	0.515319583729632	0.377482578812682	0.0880728998488502	-0.00661083477037648	-0.622662581209789	-0.0849576451585219	-0.642437519856255	0.296693516507088	-0.00416287172534236	-0.0463674581691835	-0.63195915882472	-0.113083673632147	-0.238588609814762	-0.638795957250595	-0.309798769522792	-0.238486766328916	-0.0317812268018509	-0.0374971281855259	-0.689230326193979	-0.311020648467702	-0.68865949484327
Paclitaxel_0.031623_48hr	-0.437255194970118	-0.350628368855618	0.671202179440685	-0.418024455860892	-0.882616583310847	-0.157365875672244	-0.677694395190236	-0.0092814955396989	-0.0471517881774472	-0.174696857938279	-0.662302582932503	-0.0463744775365329	-0.31095263021582	-0.829287084757571	-0.444274354119046	-0.624922715876225	-0.236194249860193	-0.32748664303225	-0.742396815101695	-0.525248804468866	-1.01709222059225
Paclitaxel_0.001_48hr	1.40672374323473	1.35709759418101	0.483302629889855	1.00503464639705	-0.0177869558005921	0.280627042823705	-0.405125355685154	1.47991543979739	0.673124203863602	0.217543745436962	-0.464276789449933	0.0528298314865245	0.248151061426566	0.752855054566768	0.0185256495195565	0.243901698053985	0.780495137577766	0.917840551081161	-0.41284283178351	0.516018044055995	0.44592127805793
Dasatinib_0.1_72hr	-0.0354728327681566	-0.224461867646784	-0.0298249107986521	0.0218750306623811	1.12229979597336	-0.041712012119156	2.34082080640374	0.143971252896496	-0.200591618472011	0.0197496434636527	0.119253792163681	-0.0878568701332896	-0.111205687877368	1.26305036996883	1.53307438249975	0.620010254179768	0.0928723858482095	-0.138130750119256	0.152848667866953	-0.170608836040255	0.255998220573139
Neratinib_0.01_72hr	-0.441576777470832	-0.236792105516433	-0.0791846186558738	-0.4935717535956	0.0692478392859473	-0.132437674933628	0.0879928531296913	-0.24623716329122	-0.306538545399209	-0.250453450861359	1.73654700369429	-0.13762290232832	-0.24842787543448	-0.496037157362797	-0.110531245429345	0.214746157743568	-0.324384554975403	-0.0980546988442653	1.09029742594969	-0.0832375089005523	-0.656967894240112
Dasatinib_1_72hr	-0.277162189655952	-0.39438506831077	-0.0459880140098311	-0.433139730815584	1.55501449607862	-0.084271468080121	4.93996755596668	0.829147955334714	-0.288813898625838	0.212426626211239	-0.282536462504824	-0.0964180388623049	-0.193347355397143	1.23411633789446	3.18808690639371	1.00902289031121	0.141390094082721	-0.305256425642704	-0.255633182710171	-0.212298698874732	1.12131031275318
Etoposide_0.1_72hr	-0.520605983075796	-0.419165477776658	-0.099861103740022	-0.544902879056965	-0.143032642425014	-0.193035874223013	0.656319249000194	-0.0390016994694702	-0.253764330009465	-0.267408698579701	-0.168938707153963	-0.142737168150816	-0.273819614485391	-0.703030920527673	0.0291853974933528	1.10566809888746	-0.172629388425658	-0.32277319784618	-0.229405793475336	-0.28582537846144	-0.465553253324827
Paclitaxel_0.0001_72hr	-0.460232876959013	-0.263767312396982	-0.0829792906106143	-0.483970132053058	0.0117303672126446	-0.158525314932041	0.0529167892682295	-0.158153481361055	-0.297827404376277	-0.254751270778385	0.624058792722642	-0.134904300625742	-0.246343472700692	-0.626389637812706	-0.144767213113648	0.390798525688858	-0.320645038199896	-0.129943355644295	0.164268914166965	-0.169267480317982	-0.484950244441124
Alpelisib_1_72hr	-0.434257586322746	-0.254317221557834	-0.0740891382634047	-0.360629149611888	0.0587040997736329	-0.133431408849954	0.260721949340598	-0.222905273716096	-0.291774676937103	-0.247002247695475	1.12546842799991	-0.140301405320545	-0.194591795474586	-0.202134891961886	-0.0774537736383963	0.24910739435345	-0.294902391718205	-0.0920670094887127	0.681912148189748	-0.19357442315757	-0.232583931364556
Neratinib_0.031623_72hr	-0.348522771315286	-0.223451894115194	-0.0621780773211294	-0.347350364104074	-0.16568548406236	-0.144959210533655	0.178701365469013	-0.185815171439466	-0.287820204121921	-0.21846377367762	0.074890933958046	-0.137535540738998	-0.186344912556629	-0.177564562104833	0.043879465384425	-0.343281255655777	-0.348275931960305	-0.136778095062614	0.149714622888961	-0.166953030991276	-0.37814132278706
Alpelisib_3.1623_72hr	-0.352455314405309	-0.243391754113529	-0.0702702016519966	-0.221431471345386	-0.169567607870096	-0.14938699086629	0.474747240517745	-0.33887793996826	-0.279151569228184	-0.216323548698919	-0.427146093414956	-0.135904016945355	-0.178203312505836	0.0994173600229361	-0.0753827304955238	-0.0125382017784594	-0.303500787055556	-0.340507934304231	-0.261182174731577	-0.315824007222003	-0.0615554629374382
Neratinib_0.001_72hr	-0.45670434159805	-0.246865046407428	-0.0714915282680803	-0.357942888358722	-0.13329806160794	-0.125844488344367	-0.0509746960120711	-0.358867839199176	-0.247479647970055	-0.232064876909284	0.301712928433546	-0.139490490736361	-0.158633250098927	-0.0190824018654003	-0.250504319866446	-0.207759174393609	-0.297461767165677	-0.120347550102687	0.526061078535814	-0.167852410051148	-0.29575490280447
Trametinib_0.01_72hr	-0.37277805640937	-0.478691059074948	-0.0828564561859219	-0.135380998312351	-0.263823062807789	-0.177237103040581	1.11809769722351	-0.317735029152248	-0.271467778469142	-0.164541722430135	-0.674607122108887	-0.122922869348907	-0.259188414963452	0.68043511547634	1.67483576130851	-0.707009770284284	-0.330731628800566	-0.50847770714634	-0.68254812942776	-0.484619282362103	0.613874453846637
Alpelisib_0.31623_72hr	-0.464919343341291	-0.263653451984518	-0.0728346355272532	-0.395999971784808	-0.263962036799333	-0.141333886217501	-0.113499321052496	-0.306931833848595	-0.275769953324968	-0.249968562146998	0.538273919397432	-0.142527294139653	-0.21370177606006	-0.140738862861393	-0.265605011394749	-0.128406515263965	-0.326926234014556	-0.120897608258092	0.374731796466282	-0.207930741150472	-0.156585214946271
Vorinostat_0.1_72hr	-0.515558386939485	-0.263754587437228	-0.0726125895524945	-0.478603015885549	-0.316399597149462	-0.164771857528683	-0.198341952053038	-0.303564608526848	-0.284515920664036	-0.260795677753795	1.1151725785128	-0.130917168149804	-0.242266763024591	-0.592433378961545	-0.284517792479053	0.0796136349507125	-0.353486177648024	-0.13409809063107	0.772384805944355	-0.240227589554952	-0.306135511100975
Trametinib_0.0003_72hr	-0.469744402275282	-0.324507417502816	-0.0830159565654148	-0.503012077304703	-0.572124812677858	-0.22238687382654	-0.131838585229268	-0.0808125660225536	-0.311389092822912	-0.274228154849051	-0.364181641880625	-0.152685049173745	-0.323014422369165	-0.939446297666171	-0.265833974966387	-0.249966129865698	-0.412782387991807	-0.188838146761843	-0.469311271362642	-0.310162963261798	-0.562989018069701
Trametinib_0.001_72hr	-0.469177837681201	-0.354715698386661	-0.0804918571787935	-0.525555158669516	-0.451125013815721	-0.213921921045946	-0.0507733117249352	0.0222432975978831	-0.308527040620178	-0.257698463834183	0.178757066110522	-0.160359054327157	-0.308418320911431	-0.813979580340823	0.264481698890748	-0.476152299097207	-0.38592117923078	-0.205522175593115	-0.185215225707568	-0.282996331630266	-0.300612239828929
Palbociclib_3.1623_72hr	-0.408601897105888	-0.427137586257431	-0.0864564099094825	-0.222186834407124	0.54308330676169	-0.100073863728762	0.334396550206045	0.0831229804138455	-0.225563231388032	-0.216182164190525	2.08973699548399	-0.131411396814431	0.0104625529491276	0.0166355945134336	0.414404204428321	1.73830801573008	0.406462427257503	-0.278941405840866	1.24382705981939	-0.364328738641325	0.336758897497305
Trametinib_0.0031623_72hr	-0.416083419360196	-0.388322490762978	-0.0693620241994044	-0.363497359496333	-0.227579520181208	-0.180190554731517	0.347632177228291	-0.0303483812895781	-0.269007933400063	-0.184398796749028	-0.145170963090485	-0.14393459016117	-0.246813422689662	-0.344049227855127	1.22722283389964	-0.670392043957322	-0.302997201791527	-0.211006427910386	-0.383304218813379	-0.306880803378995	0.206504580817589
Etoposide_0.01_72hr	-0.492258446972225	-0.268764002153382	-0.0761736821321862	-0.405489089653309	-0.143190465630059	-0.131979037320068	-0.264459976055673	-0.283116501410979	-0.238286310331499	-0.248319268146606	1.08122647029197	-0.136477437974749	-0.173159702495705	-0.418532629691912	-0.289593630388259	-0.147336661208995	-0.320698902878945	-0.0610090569505617	0.58335230934176	-0.13989453179715	-0.276253190850273
Palbociclib_0.031623_72hr	-0.453203825137799	-0.231144119376929	-0.0760038337625387	-0.354190483984715	-0.149514129543675	-0.134856142288732	-0.0681518528908378	-0.329177665115393	-0.246516455621737	-0.236649951035436	0.102692446322038	-0.127839240614183	-0.166540143379045	-0.327013710995615	-0.282302754102765	-0.231907396718829	-0.326000351310203	-0.139867910157277	0.282888108355663	-0.13755899686597	-0.265246107822622
DMSO_0_72hr	-0.495637352887082	-0.307034530381039	-0.0746589229330663	-0.413149855249304	-0.424412494155945	-0.184802227912652	-0.431509483182584	-0.388221185888062	-0.268359043174261	-0.261117737465148	0.0614155722359767	-0.147567314867424	-0.256935696968548	-0.442726083406576	-0.421296330830752	-0.288727640616037	-0.393857000330483	-0.195109127124564	0.0421637268433591	-0.29664599122574	-0.188420869595268
Etoposide_1_72hr	-0.354357825879687	-0.352731856012613	-0.0759506404099634	0.0679261044049877	0.573080956942028	-0.00134945939949866	0.363402400246864	0.165742161728288	0.866760410334792	-0.126962484613072	0.090232660164286	0.315224912009648	0.171685254320293	0.584190806088768	0.504934471265958	0.763076965993091	0.378084177291356	-0.345372159302327	0.327456097326908	0.120525190696492	0.433096069000062
Alpelisib_0.031623_72hr	-0.495122641111518	-0.256963700323979	-0.0654046267897619	-0.392053757170354	-0.338989447350281	-0.142426619209763	-0.314047131055944	-0.30063541205814	-0.266211606275263	-0.246170972519504	0.420908779985396	-0.125584750494352	-0.190555062254321	-0.254265079158805	-0.322612539491036	-0.217426757347986	-0.347274620654798	-0.13341214399253	0.446844322700432	-0.17358162774019	-0.265450682460815
Vorinostat_0.031623_72hr	-0.48789759039237	-0.243482934376879	-0.0600322376630275	-0.433230663294286	-0.394169214585569	-0.182829739131548	-0.331801635286576	-0.227399202728408	-0.278808087275785	-0.263747256135498	0.15088894172493	-0.145206561547023	-0.247589725379668	-0.677430431479929	-0.348540494628524	-0.0547743998007814	-0.36306929708625	-0.112580818130382	-0.0132220245488147	-0.244575147772184	-0.274364148014062
Trametinib_0.31623_72hr	-0.512406989151504	-0.524725699607532	-0.0898687843713943	-0.464915237081639	-0.477826161149242	-0.193453230655889	0.471312170644958	0.0328344282131748	-0.307060740636041	-0.153759120637675	-0.677204032204069	-0.134891921844589	-0.270637178322563	-0.167619972438338	2.57395201285688	-0.626477452745148	-0.368910742844255	-0.531805189377269	-0.727573017311286	-0.559382853777262	0.924627456261646
Neratinib_0.31623_72hr	-0.356281974297293	-0.520383816686837	-0.0438613229327043	-0.38173181692131	-0.318041974742497	-0.181914875697731	0.841367233230815	0.141131747289922	-0.307836317931752	0.0116307333411009	-0.686982430378809	-0.122622455212605	-0.279688617633581	0.177087085618238	1.38597364185605	-0.610998833381966	-0.35726653786541	-0.520471888356134	-0.736111617112917	-0.538540631164664	1.06723455100492
Dasatinib_3.1623_72hr	-0.258667459605068	-0.417635040580243	-0.005659504382531	-0.295895386087784	2.40510951246828	0.273786667041485	2.79462732418915	0.870331002554732	-0.22180856423772	0.500999794293065	-0.394241994639982	0.0902541610999469	0.0894471957263748	2.77094340077083	3.19223639745056	0.30606333005283	0.278767065785534	-0.426744095843551	-0.148489391637944	-0.354342048559555	3.79082424751655
Palbociclib_10_72hr	-0.461781294090273	-0.459679300345609	-0.0875434541639878	-0.24120305339236	0.388542169405523	-0.101654319373489	0.139760035083396	-0.116690104589475	-0.246774976779247	-0.224942358935888	1.8694305526239	-0.123969663773763	0.0222469236963813	0.122762489657594	0.485045069202554	1.59116943219961	0.396169898679163	-0.346521467919705	1.23541195795305	-0.408290482929013	0.732481951595819
Palbociclib_0.1_72hr	-0.435718800727767	-0.312589348268538	-0.0839518850483381	-0.315337064799594	-0.277745882119025	-0.166113163688682	-0.314689842113956	-0.248532275541251	-0.248203062255526	-0.250768993587774	0.57174973888089	-0.137327034035158	-0.206853382670394	-0.487899569227891	-0.251700842241314	0.0996033683868692	-0.20835818771594	-0.15429374445357	0.160929102831892	-0.32024043126976	0.00650014906732233
Paclitaxel_0.0031623_72hr	-0.22514122068816	-0.47439448506948	-0.0818059844099808	-0.0574602688837133	0.154275731022425	-0.1659345476371	0.463992251637442	0.722738142729901	0.413406508675818	-0.121113837423765	-0.0312037464295435	-0.0701627028497057	-0.119350325375903	0.245301750364476	0.665325066686595	0.583697229754565	-0.057668772256322	-0.355830967048132	-0.0575939236021509	-0.361326194016862	0.76178151208907
Etoposide_0.031623_72hr	-0.509162043105272	-0.333546832015219	-0.0827596625793923	-0.406075908826517	-0.322509627897566	-0.149702637729854	-0.387016862355088	-0.340014649751187	-0.204149201828069	-0.258452809335014	0.70786663124432	-0.133894968468369	-0.171536153140894	-0.320843731041167	-0.368312138956318	-0.172920959455318	-0.291109197219619	-0.143527892503636	0.703644042384152	-0.243811818599925	-0.161308954690887
Etoposide_3.1623_72hr	-0.391854641472108	-0.310206055404301	-0.0867546645464986	-0.150703065335547	-0.186749124745763	-0.126744626152678	0.318643900441345	0.35101519418033	1.34320574928194	-0.185237065845388	-0.439144633553326	0.68689321179745	-0.168825978000558	0.421687872738366	0.21688588034774	0.576776666773192	-0.0510743294743298	-0.390329667497725	-0.376933874930369	-0.0462246023585394	0.77611631635772
Vorinostat_1_72hr	-0.348836204293538	-0.370014628447182	-0.0795206402337433	-0.173510683292633	-0.582908967117379	-0.194905991285524	-0.264431809853074	-0.455061254893824	-0.144866252392973	-0.241367541012795	-0.504141070079245	-0.130338173016878	-0.170188738547987	-0.22736057642598	-0.324042758617188	-0.0840223280603626	-0.279244542404843	-0.422429717259437	-0.464322644716805	-0.444700648567975	-0.148693156044866
Alpelisib_0.01_72hr	-0.468040149674826	-0.313893731266244	-0.0832504081826295	-0.43267118253676	-0.514505301314122	-0.203051892725387	-0.376882251246207	-0.248997181060409	-0.262992737303072	-0.270449180354591	-0.0760793476720392	-0.153780055323525	-0.286685399317264	-0.697569284556028	-0.387191494989728	-0.0791265267461525	-0.363432890937029	-0.179173162100419	-0.305468889822051	-0.356545700130952	-0.1291849294199
Alpelisib_10_72hr	-0.365251283363255	-0.423871544582846	-0.0917020385551202	-0.358735013052398	-0.51480069550096	-0.214732269681659	0.00793041626234158	-0.179691872430332	-0.315616732073142	-0.265640801185997	-0.510987003217172	-0.151978565268389	-0.302901058150067	-0.396273307611769	-0.0199749269456701	-0.0115849413342249	-0.415027750608801	-0.380532769660029	-0.583018327338476	-0.485276852187759	0.415082837126378
Palbociclib_0.31623_72hr	-0.467736879689243	-0.336202117411066	-0.0927759785460493	-0.43113389809253	-0.410707735705981	-0.15006071204511	-0.441297513583524	-0.189756852951605	-0.274203884877497	-0.260653724525272	0.415474139125737	-0.149783327896844	-0.2459053697922	-0.708338339465813	-0.289084564450037	0.216160645857974	-0.227092452861785	-0.191458701907389	-0.144845613673954	-0.375186946042795	-0.0604485341050021
Neratinib_0.0032_72hr	-0.51404762105546	-0.337093519718157	-0.0738315408922757	-0.487728025704068	-0.492412250585786	-0.202476217689049	-0.577000389102514	-0.214004980704434	-0.287161550982361	-0.259230324554183	0.803883384873703	-0.152717948780712	-0.287216184160485	-0.776455636356064	-0.404946137603758	-0.22278775735846	-0.395441473391008	-0.153359244846083	-0.0784107287566204	-0.327389841006597	-0.286396486211325
Vorinostat_3.1623_72hr	-0.465428688174636	-0.522564690720724	-0.108342459121369	-0.0394940005658908	-0.727478756736611	-0.232787780512743	-0.358060782386041	-0.504352539025759	-0.138330886757836	-0.248724340356946	-0.577959527365219	-0.119563680722828	-0.179350344725668	-0.639812224138379	-0.3356297342142	-0.530185812827336	-0.418344711788971	-0.547548055196213	-0.661287589396941	-0.538962936840881	-0.149828846613418
Dasatinib_0.31623_72hr	-0.0327870443631991	-0.396597923682292	-0.0472111039464593	-0.0345187660041741	-0.248552854595663	-0.153951104228648	1.63976894243746	0.38729450575039	-0.180980512408054	0.0948124807461596	-0.542764810432281	-0.104637741552086	-0.262445340567943	0.28513416594021	2.31498879814312	0.352485740822768	0.0400631349928854	-0.366661497175785	-0.598417720864878	-0.524383836511301	2.27333236783109
Dasatinib_0.01_72hr	-0.527555080571824	-0.328420044106068	-0.073765174148479	-0.463303091080214	-0.204083895979652	-0.171502854213203	-0.372385021252595	-0.340367121602462	-0.297677143632228	-0.252342678628571	1.35747949622492	-0.14238004662394	-0.263877280134543	-0.349208414082632	-0.0937135360796868	-0.149713535570769	-0.38842823892662	-0.120369400403815	0.980944629211239	-0.261218007205027	0.0784830465559228
Paclitaxel_0.01_72hr	-0.0548325895132784	-0.469302969655615	-0.0379277583099428	0.106228085739122	0.678496604065306	-0.0596631778549838	0.875412114589496	1.41690851269684	0.501455579285561	0.00263944327351011	-0.0296092557425257	0.0124007054003705	0.0159866424956335	1.95492506481469	1.42034737463693	0.885988727151266	0.209396548335685	-0.366641753908404	0.268895050625373	-0.292334420583395	2.01236030272674
Palbociclib_0.01_72hr	-0.470213335517663	-0.306877669985755	-0.0767404902000334	-0.409357230277948	-0.544634130704006	-0.197079442264546	-0.454129100651928	-0.379641914067751	-0.278680087084955	-0.257121678106733	-0.188148037426748	-0.157016114237859	-0.266442640460574	-0.39815990557996	-0.459514387842994	-0.236120620127997	-0.416606766126162	-0.239910394822539	-0.0594338871701215	-0.335583950357994	-0.306472091656401
Neratinib_1_72hr	-0.411757315526311	-0.527967356651188	-0.0964936295516771	-0.410783845152153	-0.584412942473527	-0.220725998800442	0.304562559426493	-0.276192695003234	-0.311222525403349	-0.190391264347535	-0.701843968623902	-0.132597011631012	-0.316051686319504	-0.139857940900583	0.839086969846765	-0.735140861309072	-0.452170310797362	-0.541342396885384	-0.768018980660931	-0.576235585888365	0.979397533919586
Trametinib_0.1_72hr	-0.490206359803713	-0.531409468612579	-0.0937826404172715	-0.429368258165629	-0.446678053046014	-0.206526195358549	-0.0901316816751488	-0.293571693813335	-0.311157092316527	-0.165532537375085	-0.693546184461275	-0.151441931411161	-0.320362004199653	-0.0382478794068284	2.1253597431348	-0.753639357100432	-0.421017950525417	-0.540000452538499	-0.745905499990605	-0.572598647224068	0.857082211353722
Vorinostat_10_72hr	-0.422278934433809	-0.539880991531629	-0.0969013869587675	-0.130040955009636	-0.532476148421847	-0.221162702448898	-0.0760205833074389	-0.42082956871792	-0.133747183097536	-0.201122027329348	-0.699344981763403	-0.111251824817986	-0.235718879753611	-0.2023993321358	0.276367171033027	-0.596614048819042	-0.483044706030495	-0.549722063031767	-0.760093426392158	-0.52502232617198	0.63679105311184
Alpelisib_0.1_72hr	-0.491003285325795	-0.341224480832536	-0.0858536128181973	-0.431326786621575	-0.575335050522713	-0.217815163886746	-0.54646269135255	-0.321657722890414	-0.282992963951957	-0.273380598555479	-0.131704917354113	-0.156735773706374	-0.312253450094337	-0.717910476733193	-0.415801237838477	-0.177074309202165	-0.410134495115559	-0.218628495388367	-0.334070613192379	-0.415248309831096	-0.158804113918267
Etoposide_0.31623_72hr	-0.382547787700949	-0.468284784924536	-0.0863774896354719	-0.175563189459456	-0.319884686524359	-0.187044202195001	-0.298496219042272	-0.0656486739678986	0.11981908757845	-0.246858459563943	-0.222579511777579	-0.133330229535663	-0.176990941165295	-0.271222273237754	-0.171127286544839	0.595303453457532	-0.105019989446296	-0.399806601144639	-0.118596184609184	-0.435172059019677	0.25908905986418
Trametinib_0.031623_72hr	-0.479817154256075	-0.534764249894867	-0.102341972371123	-0.357173579913585	-0.498869706069118	-0.232127132930241	-0.0331707660426392	-0.362043242690809	-0.321623472149138	-0.230852183494085	-0.696882265524702	-0.155942552577131	-0.331460318973253	-0.0910785257661064	1.65777416294331	-0.805404142779793	-0.491324129077668	-0.545681150272395	-0.76668399032911	-0.583715511043755	0.74657674083802
Neratinib_0.1_72hr	-0.356924041466179	-0.44754921812027	-0.0842767760766614	-0.352353515786291	-0.61212659685403	-0.243208711630694	0.109898322729849	-0.27176741453339	-0.324023092773289	-0.260340342011138	-0.674524202289236	-0.156672706014752	-0.313897528018039	-0.157674977581864	0.284437941865219	-0.520915834713976	-0.440343351567927	-0.520605835473205	-0.70276951240984	-0.53261071004965	0.681652673102059
Paclitaxel_0.00032_72hr	-0.510229574871825	-0.34346282760551	-0.0695893713473643	-0.420723206169935	-0.645919130413521	-0.192285413874112	-0.510116139232902	-0.413219928231426	-0.285630783304746	-0.272777437756546	-0.112880695780708	-0.151438822145198	-0.270075122764794	-0.326848797881409	-0.470518146945569	-0.369852791923904	-0.403640988786953	-0.304711862747632	-0.0256729009961908	-0.364950140175303	-0.248139844683464
Etoposide_10_72hr	-0.410070917162207	-0.519333632061764	-0.0990085108064197	-0.0727623251607875	-0.619106542961655	-0.118026111075069	0.293602719780822	-0.013197224647101	0.388386973339451	-0.24589654495978	-0.668601947171353	0.154524475473744	-0.167454687986574	-0.00672800462004106	-0.110653229386584	0.926556955477799	-0.221313463028401	-0.53560120875916	-0.699262832694773	-0.514146790165801	0.602504615866167
Palbociclib_1_72hr	-0.25568802324928	-0.355521093534033	-0.0675539122997738	-0.181585450553423	-0.343397214954007	-0.180057045223198	-0.269780689685118	-0.32875129215282	-0.217276937342487	-0.239900076436694	-0.347155483782649	-0.142561044670432	-0.210688977273798	-0.164570863258903	-0.222049583487295	0.559819494918408	-0.121418791412689	-0.373942590713482	-0.261447670445376	-0.484199803945273	0.339839853575575
Dasatinib_10_72hr	-0.036893217734715	-0.520525868242351	-0.0867949503554932	-0.0417087391974451	-0.869873988040641	-0.207879541118533	1.67149578632879	0.00568087117497585	-0.286257245015535	-0.0401336767680986	-0.702824598396243	-0.0240537613070875	-0.211181084329343	-0.368417156726676	1.58008748199578	-0.672730163940178	-0.390435358718019	-0.546036170252095	-0.776625539223408	-0.595692394982674	1.54469742229948
Paclitaxel_0.1_72hr	0.127251539661527	-0.405556539613444	0.0277230030808286	0.118671686887663	-0.038150204340395	-0.174353002401766	1.84019667177627	1.47269003501183	0.166449652607936	-0.155622562258319	-0.330303767627232	-0.104184019874867	-0.268334149552753	0.685900746299644	1.49918746886111	0.705678285641382	-0.0907176429150451	-0.454131059262034	-0.422735266213928	-0.552909125827353	2.65710785904358
Vorinostat_0.01_72hr	-0.460415133120071	-0.356544614431163	-0.0727440506402026	-0.426119874890354	-0.611168223881556	-0.22025909239866	-0.57434255685639	-0.401114447128221	-0.296526743731341	-0.273539140135792	-0.409410722442151	-0.155492490831929	-0.304875360336875	-0.613655729828148	-0.499025576044883	-0.256767368668359	-0.440838278755236	-0.307654763909975	-0.359174965575661	-0.440675140948023	-0.237707720008745
Vorinostat_0.31623_72hr	-0.469647403138699	-0.339397664037608	-0.0811031865104929	-0.38207952887129	-0.659011438574965	-0.225718588005012	-0.589979843335132	-0.516191058135509	-0.253771487084892	-0.267056471754466	-0.382029761104161	-0.140995134528364	-0.294093873997191	-0.564718332064814	-0.505698289012167	-0.182433601590115	-0.410893389168993	-0.35111912365912	-0.359674334231265	-0.463668625370262	-0.2107608481469
Dasatinib_0.031623_72hr	-0.360929191757497	-0.369048680812004	-0.0584639653906691	-0.312103535287117	-0.396778533917656	-0.232193373781417	0.0116983753070696	-0.328706649729395	-0.296844806229452	-0.258266994155432	-0.609613480754655	-0.14843043726596	-0.327036196575616	-0.241907907792976	0.0727054307410984	-0.0183411594621225	-0.428560341339026	-0.465242911719753	-0.560264665172192	-0.508308017954044	0.665407659079138
Paclitaxel_0.031623_72hr	0.093833967511074	-0.466169884543133	0.01971838464717	0.189965351226269	0.0464603960734763	0.0624300314173152	1.26264514440729	1.52016662517601	0.206076934433168	-0.127822772154645	-0.3938381020851	-0.0962143544713559	0.12735788996916	1.33483698942071	1.08036790590216	0.731794883288831	-0.0565317172844578	-0.463472024092405	-0.356110594420484	-0.494512559241654	2.29012922889255
Paclitaxel_0.001_72hr	-0.469520740726929	-0.411926145318035	-0.0710923295444813	-0.357730645727662	-0.561846690635162	-0.196550576391045	-0.390234059307365	-0.159676712874577	-0.123930781439575	-0.265124162435078	-0.309241299863067	-0.133813210120717	-0.268766140448005	-0.156747639593174	-0.312726862345581	-0.202651470350585	-0.326683012213191	-0.36300693587449	-0.187387452949435	-0.409457798543066	0.137252746322845
