Cy3_0001	Cy3_0002	Cy3_0003	Cy3_0004	Cy3_0005	Cy3_0006	Cy3_0007	Cy5_0001	Cy5_0002	Cy5_0003	Cy5_0004	Cy5_0005	Cy5_0006	Cy5_0007	FITC_0001	FITC_0002	FITC_0003	FITC_0004	FITC_0005	FITC_0006	FITC_0007
Dasatinib+0.1+24hr	1.06650566160872	0.152215711087317	-0.0486744758736829	0.617651836241583	-0.234022312388395	-0.566875876605893	0.758126584201462	0.336062508275612	0.00317669871127084	0.157576577160483	-0.470357525370496	-0.235708242190825	-0.372252773250038	2.59240818923844	0.0404412283441939	-0.321919961324958	-0.171013453935426	-0.204877757096671	-0.589038384422551	-0.374046761373169	0.135325571714947
Neratinib+0.01+24hr	0.351147679654422	0.317721825787815	-0.0481611939836896	-0.241028282039008	-0.581488423182931	-0.514037867450711	-0.495045426885423	-0.0332657295464927	-0.228926314649123	-0.379702915800409	-0.221024245965564	-0.348418172018997	-0.499357008661522	0.256642863202321	-0.842761085259925	-0.611326612315107	-0.415731772049582	0.060499228900124	-0.514420377769308	-0.0774681657541323	-0.654572663789829
Dasatinib+1+24hr	0.144114277242633	-0.448510478827455	-0.120738981765914	-0.324163209017311	0.0269203759505287	-0.75646163124417	2.57579095380186	0.310827700328004	-0.297298966325262	0.437104205702397	-0.553371180415242	-0.373924663042773	-0.551923432377135	3.17506180406803	0.929656567971082	-0.0484378972405319	-0.233400023293041	-0.614158988494092	-0.638915622938254	-0.550410603538143	1.05561436748244
Etoposide+0.1+24hr	0.257545584502747	-0.127615478087067	-0.123670835818465	-0.356463955555511	-0.662172605385689	-0.728563644889119	-0.255546454618573	0.184984078787813	-0.00502216354377125	-0.41879379759039	-0.58620511367889	-0.376753715594909	-0.551654347052507	0.308972615799026	-0.805568051983883	-0.178543928068831	-0.10941783058748	-0.285393376397151	-0.677514637178781	-0.289297319701093	-0.523902760530198
Paclitaxel+0.0001+24hr	0.364177789365509	0.287841418573351	-0.0605456874542012	-0.218653671310126	-0.594522831128383	-0.615746971756303	-0.557183438547042	-0.0145181829679585	-0.21827685718871	-0.388458199459258	-0.415099194526548	-0.360762384260272	-0.512813232769498	0.273138644419844	-0.850379407636031	-0.48026877067954	-0.404773326468241	0.131899900875698	-0.620371700932722	-0.171778613013907	-0.509649529118324
Alpelisib+1+24hr	0.489501572487017	0.407841219485418	-0.0545820478073712	0.108511880793584	-0.619356079598601	-0.483448434360642	-0.436967611853236	0.0402096266528278	-0.150793499797853	-0.334021723965243	-0.310492778705412	-0.319833271848934	-0.388525189573578	0.811734463087821	-0.714713366549109	-0.55140126445503	-0.343822327313968	0.283115080202491	-0.548833074520488	-0.130219453302135	-0.290939950698386
Neratinib+0.031623+24hr	0.54450999221674	0.257182471783292	-0.0315588264180402	-0.0161184946973828	-0.835638764863643	-0.581778069018369	-0.619369111637418	0.191882344681383	-0.185754562385842	-0.296841647057839	-0.574069352096435	-0.336721080139106	-0.426786532707717	0.408917886520886	-0.8026252403323	-0.906929875276114	-0.464386929685378	-0.00249059424718715	-0.655974949430565	-0.224934590702939	-0.662254302255465
Alpelisib+3.1623+24hr	0.550816032412903	0.273870289547976	-0.0724489397732477	0.27373302877987	-0.800806435716598	-0.672182455507413	-0.328630494519025	-0.0830597030162599	-0.152462134351774	-0.312800622715413	-0.655507728837846	-0.323296654632799	-0.432687996977359	0.897385804967012	-0.582130013419187	-0.681707890443414	-0.426459413198805	-0.450983302463338	-0.696900470671329	-0.487432322682309	-0.233212513653912
Neratinib+0.001+24hr	0.345403059246532	0.383079262065914	-0.0117621721824584	0.0419153846586254	-0.684908741388507	-0.497949319196796	-0.595894862249158	-0.0325755479659057	-0.0543143634938547	-0.322801900328406	-0.489467632363841	-0.303930504637111	-0.362169610355174	1.08787905512377	-0.859428375157071	-0.754620395992513	-0.378911687502538	0.129411756640007	-0.578788125342361	-0.110589095876853	-0.339043952149216
Trametinib+0.01+24hr	0.563299602539161	-0.502177550230152	-0.106490375052063	0.486282617561994	-0.994623619536229	-0.885985414687676	-0.16066114916294	0.0470583598054601	-0.0527163770891713	-0.098006490075012	-0.709217978178107	-0.348970930277839	-0.523554334448093	1.04826869026043	-0.285952768916842	-1.05407978956852	-0.549078087144708	-0.839032461053483	-0.759902256332219	-0.785723696637789	0.00565212598207956
Alpelisib+0.31623+24hr	0.324442246892767	0.273119400277795	-0.00807293394897439	-0.0497125799285294	-0.811660404551466	-0.531364727974973	-0.67776769537095	-0.00283807975620345	-0.138033919118342	-0.36987520534699	-0.466153289247657	-0.341803918199404	-0.412031232175538	0.819583853055772	-0.857294999049213	-0.753443014745378	-0.408837934978413	0.133964126596353	-0.615018246237312	-0.249095216202806	-0.329122612084787
Vorinostat+0.1+24hr	0.234112377770073	0.323896845239405	-0.024394572786216	-0.210187959993324	-0.820073314803076	-0.561998843376553	-0.764123034935979	-0.139041388850785	-0.158823100274546	-0.396814960960917	-0.371004501290185	-0.305765230099089	-0.456314759423407	0.199432475854187	-0.928163835796749	-0.707292686206384	-0.428910257633469	0.142214806817234	-0.572805020050531	-0.233132988502149	-0.516087560456659
Trametinib+0.0003+24hr	0.28356635990902	0.0503911583505869	-0.0626094754227256	-0.292994806525422	-0.964868244987362	-0.780369913447512	-0.746363909617993	0.0412921504688323	-0.256978954797179	-0.434839867672963	-0.652441028326993	-0.418359603090609	-0.573549793596119	-0.39143483501504	-0.963957592264538	-0.878939070484647	-0.491105748132012	0.0664803499444993	-0.729918703265095	-0.442718007317012	-0.779591440362417
Trametinib+0.001+24hr	0.240048407128343	-0.0400060670890999	-0.0529467039901608	-0.346191791920828	-0.959183735772616	-0.760647005497624	-0.706984769827545	0.102022473414311	-0.250456282445587	-0.401188407235976	-0.549446666050599	-0.411041595409314	-0.568371874429372	-0.310525387785566	-0.832593379544605	-0.987266370707933	-0.481185140318762	-0.0406153932309517	-0.695991647516904	-0.358356417371739	-0.614612558041103
Palbociclib+3.1623+24hr	0.527150974376273	-0.190121476303684	-0.107835789523115	0.419909361240216	-0.300022417929657	-0.442384246654618	-0.464990409671426	0.114660433699947	0.191412575377352	-0.266085053216953	-0.102011611317243	-0.352712487598284	0.071495093815689	1.13513098930003	-0.649299831566173	0.0519735616254521	0.796229725552001	-0.237238756830296	-0.476865509348345	-0.415806120939248	0.0757549764810702
Trametinib+0.0031623+24hr	0.304171668077881	-0.175325701931272	-0.0797248646951862	-0.0698952106409996	-0.949811073891786	-0.773853773539638	-0.556158754279524	0.236524082671167	-0.103130048974699	-0.206486867489709	-0.592589982172767	-0.365750926726603	-0.500071615164968	0.0482866657175235	-0.517658952909249	-1.05118532379449	-0.425364826408751	-0.16260325770546	-0.720609554951533	-0.428508064212134	-0.294269311443657
Etoposide+0.01+24hr	0.21302361399171	0.283652912598428	-0.0344394688455015	-0.0843621224247761	-0.710517095570305	-0.507718819717182	-0.756441679333571	0.0346603177577173	-0.0466372871395459	-0.355618417110999	-0.332723660892201	-0.319009424075202	-0.371560110044114	0.511724754947954	-0.897348356456419	-0.745312782557482	-0.385411207427493	0.228446543406555	-0.57093840255865	-0.0994426088103986	-0.381256461134371
Palbociclib+0.031623+24hr	0.323111304403741	0.327059187870852	-0.0227012323133816	0.00438114993403873	-0.715841861395396	-0.543622058803262	-0.63604940279964	-0.0196472434370513	-0.0982149997034658	-0.344161811928928	-0.545429020951202	-0.33209095373751	-0.385174565514245	0.539826214012001	-0.900817077023648	-0.784231415096666	-0.408718580200889	0.0661356407811684	-0.61572683371582	-0.182386258582265	-0.366147032478242
DMSO+0+24hr	0.180177802264829	0.100481469387912	-0.0150979891968472	-0.127239581859965	-0.885429694284701	-0.693450641602028	-0.84416364495884	-0.0913851467868198	-0.138564980400907	-0.401525615977909	-0.556690602145336	-0.378307715833951	-0.489869064975722	0.373936902091177	-0.939737258935267	-0.806196464144952	-0.48866015648832	-0.0151695376907782	-0.655933063835317	-0.438266801918748	-0.335362324318263
Etoposide+1+24hr	0.120953458313592	-0.258738004709127	-0.135911717351609	0.709523987300058	-0.334501034889379	-0.460573738124804	-0.411212906029469	0.759925021483951	2.87203133868672	-0.163724036599148	-0.548053790409278	0.608698723403772	0.0359751855469392	1.64600469520655	-0.568214781603889	-0.354207164491088	0.524490780085841	-0.594394349247244	-0.61195948672629	-0.0818861654125578	0.162418804524742
Alpelisib+0.031623+24hr	0.246371804343897	0.252041056544119	-0.00920296414324724	-0.0662439928929783	-0.840310729699996	-0.544029598688636	-0.781228976288648	-0.0142915204281654	-0.133382118541385	-0.375679401846876	-0.490850439679826	-0.342870535578535	-0.416601064267139	0.652178292862014	-0.919734097211572	-0.79855752103633	-0.433483224565264	0.0989112417628056	-0.605770886674518	-0.229831443452346	-0.422372839922382
Vorinostat+0.031623+24hr	0.253916533977113	0.303937814531115	0.0115070751229169	-0.162605736479388	-0.866657286478363	-0.648908263263025	-0.81001979415541	-0.0340467524707571	-0.168035508952354	-0.401995810324907	-0.544200888344138	-0.356247857738757	-0.484848648672519	-0.0221638016302635	-0.936690808006465	-0.733473487275038	-0.446120348768151	0.173388367858378	-0.662960451639655	-0.321941308939301	-0.458867371307987
Trametinib+0.31623+24hr	0.165426739994628	-0.700102696351203	-0.157427758170891	-0.0543638051519223	-1.09973403800115	-0.944012724946005	-0.415616346155163	0.108569759937454	-0.133149644720707	0.216563549172919	-0.704848889980738	-0.430219966675389	-0.597478491399402	0.124183467167434	-0.00417052229974998	-1.00783383974479	-0.636473732441023	-0.877082606056153	-0.763888569968681	-0.901554998362554	0.385466767644131
Neratinib+0.31623+24hr	0.271483258402023	-0.662805259055807	-0.122031460720171	-0.00586493244782594	-0.977435276295119	-0.885740325796256	-0.0533044199448319	0.139323083925137	-0.29807509632741	0.00109690952556518	-0.706699827892992	-0.332549126710272	-0.592578215082819	0.854384256682514	0.141882430172524	-0.923662642238349	-0.610461146906817	-0.844785195286343	-0.761403982901743	-0.863141234584861	0.872067095544261
Dasatinib+3.1623+24hr	-0.325769137038356	-0.62818772922504	-0.111555428203285	-0.182977745112224	0.46339529059007	-0.490958239495293	1.61116040705585	0.130732140006473	-0.24301600700492	0.899853846879909	-0.571643973967665	-0.168637118717565	-0.384019335487344	5.47339729166981	0.987629693920022	-0.301706167128851	-0.295874229825077	-0.834007984098676	-0.586159852520547	-0.775682034352264	4.19197867604493
Palbociclib+10+24hr	0.39561148650755	-0.366635158940902	-0.139867267146537	0.447834716110416	-0.374167715252148	-0.460464447238921	-0.574774121528174	0.00664001274020443	0.106428297333094	-0.271661754606247	-0.104321789104271	-0.332239992018902	0.132725799735045	1.23534079457945	-0.611421959523679	0.0178729674401832	0.802685753912318	-0.337889868304392	-0.455734806811351	-0.521416017771738	0.39775063141536
Palbociclib+0.1+24hr	0.463788501586715	0.205237417367058	-0.0557477507036663	0.0788519245939714	-0.804005776941275	-0.606702041443216	-0.801943859485998	0.0669350708076703	-0.0531858182087414	-0.375702173385444	-0.453587748907458	-0.350508485266264	-0.38548723326696	0.286297420157769	-0.900146329446757	-0.653244951816621	-0.21999898593221	0.248010105290142	-0.638613197971535	-0.354297500753082	-0.209085792597981
Paclitaxel+0.0031623+24hr	0.556728354588254	-0.55466992004356	-0.114679297919864	0.415718525632687	-0.700024200988731	-0.833488481224204	-0.252444854471747	1.81348454782174	1.75042070605346	-0.146720988398047	-0.474775561711079	-0.27337132116846	-0.360046901754665	1.04930911532348	-0.348935486898202	-0.331206543271894	-0.16617950301983	-0.60003065738064	-0.609155719955738	-0.682401891649508	0.638889367199655
Etoposide+0.031623+24hr	0.160514147788132	0.126468705428178	-0.0536634492851266	-0.0822507790258962	-0.816972540540469	-0.556929338254468	-0.808193060337471	0.0628502384710113	0.0793486943654187	-0.38659991909976	-0.410194617205137	-0.325061009365978	-0.371931613169314	0.562107098310553	-0.926484524811561	-0.7642786210904	-0.351396543065203	0.11137769412369	-0.562692309692697	-0.290443544731985	-0.294173451467301
Etoposide+3.1623+24hr	0.202080285534103	-0.0664185073254587	-0.154279407011907	0.270056418957784	-0.76791944231925	-0.692708098939848	-0.464046260501205	1.33957217251502	4.50289835795005	-0.257216845383723	-0.672710952000576	1.81868259940442	-0.337850674751274	1.4051549659313	-0.681086525110399	-0.477885812041532	-0.0912817112079906	-0.614559403265398	-0.725305158376364	-0.235645487743933	0.298063803797467
Vorinostat+1+24hr	0.82081235614542	-0.0221044475298404	-0.0651985491383332	0.324039557909642	-1.01755100254758	-0.790055834415298	-0.832928862029374	-0.189090765475972	0.444396924442516	-0.363678630507841	-0.685531200142449	-0.26418157151203	-0.357262660296098	0.45102695946906	-0.914227550458031	-0.828769203371781	-0.275229806195983	-0.517114164366211	-0.739704934585862	-0.658318850885022	-0.552778704355774
Alpelisib+0.01+24hr	0.313047569883655	0.0844278953970546	-0.0423069731561777	-0.165736478884882	-0.945603298380165	-0.72180735844232	-0.822507016340827	0.0759986221158855	-0.127738076464276	-0.416022969686611	-0.585669218533469	-0.397263496865986	-0.514721096365277	-0.0787819405332946	-0.933691603261541	-0.724874481871095	-0.450810777090343	0.0962491473084702	-0.701833732610194	-0.493964947152389	-0.325119739240402
Alpelisib+10+24hr	0.492669618976978	-0.250772732243264	-0.0963461914584627	0.00352913905741467	-1.03845616567051	-0.837485261316972	-0.606523472445353	-0.00662220313985155	-0.239261367930453	-0.384101779047658	-0.67509213964703	-0.417580058570416	-0.56456052982874	0.0817830794416424	-0.351040200395259	-0.6920605061817	-0.540778431737248	-0.469960257838304	-0.743550281716371	-0.751022144534953	0.0778152835776104
Palbociclib+0.31623+24hr	0.271611085881713	0.0372834816679274	-0.0946762998341297	-0.183925332837599	-0.896860609456406	-0.621810206150761	-0.875839193582445	0.0259382456723455	-0.114248772396817	-0.40511720112047	-0.494417065595961	-0.396801174942053	-0.450409330437644	-0.092205162651123	-0.921960929264001	-0.615526060002674	-0.246255079983955	0.000947542894773247	-0.684217115344942	-0.480368125624283	-0.328975060785381
Neratinib+0.0032+24hr	0.135785608221735	0.037850594945809	-0.0406497459217074	-0.26563432207842	-0.928355267237613	-0.702104084166775	-0.928040327147617	0.0499978331953058	-0.181074785054869	-0.425258010400123	-0.408421658008062	-0.394865005037446	-0.521978717888953	-0.164664394610095	-0.941014279097477	-0.796938486813574	-0.48261800354971	0.0990773209631396	-0.671104537135735	-0.440389571033957	-0.449925990128565
Vorinostat+3.1623+24hr	0.333112128455269	-0.615921810694836	-0.16247894211441	0.504290619724372	-1.11929975690156	-0.901953038721497	-0.889728312083258	-0.334803065202819	0.559282053858556	-0.34708817560688	-0.694282697586862	-0.292393173209132	-0.209104365364078	-0.277105866691233	-0.89037485564988	-1.02169833327261	-0.382018743353711	-0.872965010394262	-0.76348489939588	-0.825406007688728	-0.632649196283689
Dasatinib+0.31623+24hr	0.820700235118971	-0.425762309683886	-0.127037951313233	0.296291953428047	-0.928753656641984	-0.888590187809	0.544400032647042	0.406354047155141	-0.00218276168744669	0.210280147444472	-0.646868686889586	-0.359204913904678	-0.579753247300764	1.14862301063391	0.642339994834375	-0.381608705314475	-0.263194351133863	-0.632153888719204	-0.723204618039232	-0.868258091396982	2.1710584945222
Dasatinib+0.01+24hr	-0.0591468874003706	0.00931493115308797	-0.0528536336006847	-0.243138805840763	-0.851194253375582	-0.630371902243005	-0.847439166800876	-0.156348333923676	-0.218008493089841	-0.376219014772404	-0.277697859300822	-0.36427123404699	-0.4836329424835	0.392746997594759	-0.863581961864009	-0.80443110770135	-0.507206518826572	0.0233090603979688	-0.527961027217443	-0.388263567592424	-0.292620952052489
Paclitaxel+0.01+24hr	0.40994502338909	-0.622431602048497	-0.0525120141794102	0.63267202883857	-0.456076195039902	-0.775362121829315	0.0724704798263514	2.23622250565908	1.44616133559878	-0.074995497457327	-0.42717930278376	-0.100170599054731	-0.352712126261816	3.59248731886352	0.103492869892206	-0.0831874950501695	-0.140234305049959	-0.733513627408049	-0.497281375294255	-0.723251462172981	1.99873809907868
Palbociclib+0.01+24hr	0.277882657401001	0.0690257478253874	-0.0263394130403009	-0.123793419332653	-0.956615312744175	-0.71377835017869	-0.861595454986473	-0.0763260060057432	-0.165260856560254	-0.411334463712784	-0.6221104985164	-0.394325323051269	-0.501589187895122	0.418827304339473	-0.961374810091913	-0.799647661553788	-0.524813272544847	-0.151990412004917	-0.680592782509899	-0.50848090504919	-0.489899620105122
Neratinib+1+24hr	0.446057131503371	-0.694865458898181	-0.157381423621396	0.0404332101367829	-1.10836787399271	-0.958193423687128	-0.391055780376242	-0.0363140697841385	-0.258692637010225	-0.132742611864809	-0.711088893909279	-0.363567585384283	-0.640807821256892	0.406784213658654	0.16670751136768	-0.971848813891292	-0.690416612467269	-0.886181527181263	-0.768197537950613	-0.927285331172779	0.761745243446485
Trametinib+0.1+24hr	0.179924607916287	-0.700920036708559	-0.15771921458162	-0.0878249601607882	-1.10656497501014	-0.95365084466002	-0.733161252675359	-0.0321349996837474	-0.163433515470373	0.0271114378937809	-0.711114008279105	-0.436842301469135	-0.613172051721575	0.271174515058461	-0.104316547102874	-1.06775413262172	-0.673087175811828	-0.88548027135959	-0.768730458500262	-0.915494550826957	0.264692303262156
Vorinostat+10+24hr	0.14393002727773	-0.70402245005125	-0.159303119469256	0.204916160146336	-1.08049917400631	-0.958562796012312	-0.717411161008587	-0.437731467966721	0.462787056353871	-0.216105149052699	-0.713634591859622	-0.230450302363479	-0.405825218458623	0.346012229691597	-0.423929369079905	-0.975292175373722	-0.704010836711506	-0.889487837716318	-0.77028903096551	-0.816788402731702	0.133726754309939
Alpelisib+0.1+24hr	0.236973930562118	0.029774076254157	-0.0438229279647414	-0.148596474268861	-0.995437479282355	-0.787187825217192	-0.91756801261006	-0.046866606495025	-0.1879838814847	-0.422347382117668	-0.597330936148305	-0.415539489376001	-0.555361373759134	-0.138623952892154	-0.921119704537349	-0.762187296188606	-0.490982149748563	0.140691865827979	-0.706771993396107	-0.587972198496946	-0.342108728276295
Etoposide+0.31623+24hr	0.567163446686534	-0.323252196305912	-0.0997565564050808	0.277137625555901	-0.850330822598842	-0.759545423674898	-0.780340783377591	0.678923416157243	1.28548449471285	-0.364487819359772	-0.612766728822299	-0.340583134056522	-0.366853146595521	0.525972269948256	-0.835866331622675	-0.398778040335322	0.0938914560681484	-0.44590622947854	-0.679400185257243	-0.641079937399977	0.0246712951922649
Trametinib+0.031623+24hr	0.375388439958186	-0.685736375771565	-0.161448930878055	0.128048893572462	-1.12320687506836	-0.968215272432855	-0.709018084966992	0.00665107908909885	-0.17758115390912	-0.202169076977296	-0.712360564795212	-0.452050502469313	-0.6291479155091	0.15500446292574	-0.229867826491066	-1.08984699588317	-0.69085994037054	-0.883464050605094	-0.773206440415295	-0.930571938271391	0.15511922090955
Neratinib+0.1+24hr	0.54815096272249	-0.342577852316396	-0.0845392049057679	-0.0391130470949697	-1.12133174014349	-0.918829367994396	-0.624038405803614	0.0985166503716084	-0.25649529179653	-0.38723075201135	-0.709200803523085	-0.434470295778717	-0.613806133550833	0.220654683293122	-0.580033491552084	-0.960366701946705	-0.59429344707769	-0.816737814294991	-0.765777621862599	-0.846535982310167	0.0909811811263289
Paclitaxel+0.00032+24hr	0.1241527682647	-0.0396841884693061	-0.0159783334941506	-0.140389255255661	-1.03296012582892	-0.750075142752493	-0.881687628749041	-0.147591080827917	-0.190222647393128	-0.431275467265556	-0.604456674496985	-0.400187744037495	-0.520254321444159	0.450120689443493	-0.961529193030119	-0.848285330057887	-0.542657569523269	-0.327585798009436	-0.673751729132013	-0.569632167712046	-0.446737662152429
Etoposide+10+24hr	0.33527751648309	-0.63439096737644	-0.158085654861451	0.419382423918963	-1.03223479810298	-0.830239580282847	-0.501087916164594	0.991990097038601	2.41003736286332	-0.371270439949205	-0.708198954579816	0.723722402093978	-0.475063596525414	0.654832269127052	-0.729158541207203	-0.313398721965702	-0.164935944021418	-0.865697623542759	-0.763707170118529	-0.826555950316093	0.0486350679604558
Palbociclib+1+24hr	0.820865760334446	-0.0816853976166562	0.00933090934698017	0.232984241376541	-0.882417813260766	-0.76400681203214	-0.79684506887483	-0.0293010589708376	-7.29409493951366e-05	-0.383473035413788	-0.637346045704511	-0.404119982987147	-0.466820202714895	0.624348897773912	-0.841528335891111	-0.407572166835889	-0.145781261853562	-0.474667663268844	-0.695593916680651	-0.746981541832267	-0.0118091115632262
Dasatinib+10+24hr	0.670105364905343	-0.678781308916918	-0.146288150584119	0.520434952418805	-1.1869316167615	-0.939720578369445	1.3065114629961	0.121490487484061	-0.235581559331142	0.118036121369665	-0.708463024397253	-0.247508576649597	-0.618405361966483	0.893470262443227	1.19246790327706	-0.838062409604428	-0.636122109076512	-0.88504172511826	-0.764882510552527	-0.95391977974496	2.74256862396377
Paclitaxel+0.1+24hr	1.00127034352891	-0.434698769582365	-0.0451965120508689	0.730008069978921	-0.82360435870389	-0.918480420727831	0.962761013723758	2.74668651466473	1.10380271091493	-0.233793067742806	-0.499371465622793	-0.330309664915147	-0.60486976513896	1.95327468893313	0.285041706951133	-0.083355821395318	-0.230304090446253	-0.800725617664169	-0.649171951694484	-0.92036754445618	3.07523271753452
Vorinostat+0.01+24hr	0.316899749784898	-0.0568304699121939	0.00256989437141413	-0.156278132923788	-1.00646757126037	-0.815259487240175	-0.93840014854271	-0.126483157407462	-0.213893490240783	-0.430569841486249	-0.653099505413954	-0.420775936414528	-0.558636238803999	0.0519855721393287	-0.954515547467721	-0.782550218265822	-0.555960270561913	-0.234917547017529	-0.710686661800608	-0.660347750294557	-0.402417096474125
Vorinostat+0.31623+24hr	0.352220195721336	0.0334434535829441	-0.0543771241047928	-0.0746236977612671	-1.04120203404121	-0.829482357255545	-0.98170698960855	-0.325020364121706	-0.05663003871693	-0.423453224434939	-0.658575670078602	-0.350599534844264	-0.533322990272927	0.131367752562063	-0.976187221355195	-0.800612208179911	-0.487978143401732	-0.271695212174004	-0.720258369549073	-0.678425751506223	-0.48229860076699
Dasatinib+0.031623+24hr	0.375582713606013	-0.194614098030148	-0.0470790587961295	-0.0487728505806431	-0.983593196950898	-0.901108117843782	-0.680647647511963	-0.114463567069364	-0.216374892242881	-0.401738737471207	-0.69179358502599	-0.427462582564274	-0.605338906832017	0.310361999050651	-0.727871099410593	-0.694207890044051	-0.57178172225451	-0.722681323788746	-0.738526157793888	-0.81904450092066	0.16884629841029
Paclitaxel+0.031623+24hr	0.647768510815103	-0.598896961182419	0.120353177692208	0.660816717387422	-0.778996495465499	-0.617477710254914	0.495310857541358	2.39004129867054	0.785809547566916	-0.240869908172117	-0.575575543840096	-0.357747733390319	-0.332864185377508	2.79414777756394	0.0356354736065523	-0.103703862139212	-0.299123999151345	-0.8194539413459	-0.651360284360804	-0.873610119638912	2.57136326520929
Paclitaxel+0.001+24hr	0.213710563183516	-0.240499201799652	-0.0363133596214281	-0.0336549688944204	-1.00935928596145	-0.797067248901046	-0.815996122245292	0.382413174083933	0.321779984977247	-0.41166356953047	-0.629162088145162	-0.38509032556816	-0.51251889047564	0.582104738364089	-0.891346173940906	-0.770214409267968	-0.455458493225998	-0.500172498091029	-0.687100258628073	-0.664266204225156	-0.119434666871363
Etoposide+0.031623+48hr	-0.528411742672236	-0.513508427767743	-0.0523411352685945	-0.145328634025645	0.865380909802525	-0.336371483741303	0.947973056156827	-0.390302200658283	-0.231024861455645	-0.0840319657456342	0.822732976376464	-0.0735580570579262	-0.168854165403999	-0.365610035915327	0.525523278325334	0.265536169331009	-0.21797094416581	-0.614844063435948	0.770295372411096	-0.475023083881836	-0.0871543998002576
Neratinib+0.01+48hr	-0.547089241969199	-0.486621282894571	-0.0518119993686769	-0.290428315752616	0.55378325412269	-0.382906505839706	0.887957944408139	-0.408759544685633	-0.298883019652193	-0.137771038455814	1.3236295614096	-0.0900974615478565	-0.209604137141888	-0.59073626797014	0.347594177512157	0.273430158527728	-0.320131034556104	-0.564036320152022	1.21224314423821	-0.462297168689467	-0.177707548210675
Paclitaxel+0.0031623+48hr	0.349451286198342	-0.490170254361181	-0.0503203666310782	1.29107953087916	1.93146579105671	-0.186230187153215	4.27105549042478	0.535625451771413	0.777347615924771	0.509241829698372	0.104078795894428	0.102300427132557	-0.172445868651018	1.11365314571922	2.48812056287375	2.21855904184252	0.819017505187817	-0.675965743962497	0.260543525088038	-0.656162712697227	0.776676173425358
Alpelisib+0.031623+48hr	-0.563938911890429	-0.448797890308807	-0.0603108857571236	-0.348229568110394	0.313841370672523	-0.469589394824769	0.925406731375874	-0.437007393922614	-0.263144914524574	-0.18544000074965	1.07092200444281	-0.145151451678249	-0.272791581586822	-0.698791025887692	0.350676877900505	0.170089674659696	-0.31391185420983	-0.539024669274707	0.883457379521702	-0.520605620063104	-0.205339348286341
Vorinostat+3.1623+48hr	-0.345288463047272	-0.507340983803301	-0.0755397872061777	0.734272579146772	0.0886058114784314	-0.426784150302912	2.27117242589921	-0.475707207073524	0.0956221332566311	0.00100954628064523	-0.314260103499922	0.0950525038260367	-0.137168371376558	0.383949765855704	0.757090317007677	0.29028132046109	0.216819731571493	-0.7797546686978	-0.280585163435514	-0.717865865278594	0.0374139579902243
Trametinib+0.031623+48hr	-0.423865819941613	-0.629123277389767	-0.101583069137989	-0.393062423212449	-1.07533316733466	-0.447004500257164	0.271831648018584	-0.593050839442241	-0.319428209267257	-0.220503060016904	-0.652650705643681	-0.2449566760184	-0.336810543497969	-0.90962893619835	0.503821156299737	-0.489975026123641	-0.366999265009065	-0.839893194381896	-0.69105864433542	-0.91299346337941	-1.00662161451495
Dasatinib+10+48hr	-0.695259777213103	-0.630847953581957	-0.0932961297825947	-0.468468446588482	-1.15615529454527	-0.428100585813833	-0.781086457609038	-0.718194261548227	-0.347727498445036	-0.215298432962025	-0.657341572709431	-0.159029501558641	-0.325450581615428	-1.38354504203647	-0.421653796010217	-0.526929702795732	-0.388677872452599	-0.841248478610047	-0.703192116708747	-0.918261274364074	-1.44420699247347
Trametinib+0.0031623+48hr	-0.353687787330749	-0.522152787502735	-0.060645725853559	0.0252845238111947	0.287514042484188	-0.392791279193231	2.53638021219737	-0.32555905459842	-0.25957012761366	0.232311261955504	-0.109788926258626	-0.15039391890652	-0.275752845863062	0.35255347916282	1.55871645465378	-0.134002460880475	-0.0368116737977232	-0.592908585580764	0.018215220994741	-0.578273666436517	0.417229441814611
Palbociclib+1+48hr	-0.504697728179141	-0.494182180435584	-0.0651378401473003	-0.178115917803376	0.513715586859098	-0.422136662571097	0.886033733506273	-0.462494916019858	-0.259398341506434	-0.276258588406666	0.863653844565715	-0.18332430250147	-0.205310390198582	-0.350881992315055	0.352194210895579	0.85108177581824	-0.00539353637224597	-0.615163173016524	1.15337325478524	-0.612622388703349	-0.0710843807130093
Dasatinib+0.1+48hr	0.0820780450658092	-0.138689604951059	0.00314608442054742	0.40530993897076	2.30837928631706	0.164870252324742	2.1652493550514	-0.0728448828493728	-0.187558789140177	0.37928765625619	0.282848317002278	0.15900494722197	-0.0477937660355052	2.09391670770394	1.46311542698544	1.0767649930898	0.317142690129702	-0.21002828067191	0.838662973106262	0.0291406523679963	1.11069437594297
Vorinostat+10+48hr	-0.728701344333786	-0.648367771961491	-0.109329391987769	-0.512820493050397	-1.13283988167565	-0.589568508895687	-0.465460733773178	-0.762145422774455	-0.348840259274186	-0.376513033387165	-0.668089853100847	-0.222863958502933	-0.332958860511323	-1.09360365963858	-0.516774636121127	-0.567046746946489	-0.455187488909115	-0.848830704460125	-0.700287007347061	-0.907466702849876	-1.1147574468592
Neratinib+1+48hr	-0.360271452080716	-0.597567203350976	-0.0884511108248432	-0.330447036961939	-0.321154453298415	-0.458196640271877	2.76547856479978	-0.377896329147005	-0.30001296652934	-0.138055674021852	-0.657789368738989	-0.172114305534692	-0.350349229941761	0.414261156450091	1.68089258205839	-0.062670238581597	-0.245745070656411	-0.829545904085805	-0.647754801728278	-0.896442657863766	1.36714575784977
Etoposide+10+48hr	-0.707060209683866	-0.640203554795562	-0.109341594172553	-0.095923700987263	-0.993592744968216	-0.57629250856054	-0.286379122103205	-0.666751729829412	-0.18787465501131	-0.288476273357991	-0.642897902564356	0.0475913200808487	-0.2954844574932	-1.19854974220355	-0.50134762013179	-0.0397344591970585	-0.138183778576421	-0.848033119921999	-0.665539106391439	-0.897516220084051	-1.06456309171486
Etoposide+3.1623+48hr	-0.375133161380024	-0.575674268747826	-0.0874963748167563	1.17426265696056	0.129734562624602	-0.411548159700446	2.35859721669386	-0.317522966923036	0.145031954514595	0.0818634455032764	-0.159783306233925	0.735863439918312	-0.208925084891994	0.0719700329096009	0.928623107743299	2.04570459679831	0.689188937172821	-0.789855248363087	-0.0720007021745911	-0.665470401951742	0.823473967107223
Etoposide+1+48hr	-0.374822629553842	-0.577303610057071	-0.0839070035796861	0.426993775652757	0.677785143312375	-0.383759856933373	1.75404913032482	-0.332398955269241	0.0553853655642066	-0.168548013449794	-0.000557995817948085	0.0801202210786794	-0.125500403339873	0.376474893773388	1.04038400446112	1.8150836328166	0.542299672136075	-0.784082315710546	0.231725077928617	-0.709992346788387	0.722270247844157
Paclitaxel+0.001+48hr	-0.449631904518712	-0.449942199671871	-0.0588363526254584	-0.274034857217717	0.35630584205731	-0.451278867671647	0.694447329852955	-0.330867173484285	-0.148705838461921	-0.25752112247165	1.01695539777413	-0.148638355707627	-0.240716899853946	-0.305913530053299	0.512589288077008	0.574587222449336	-0.106191335359903	-0.547306222723621	0.924525736697989	-0.61969700572834	0.116439254053841
Alpelisib+10+48hr	-0.372884236408537	-0.49434066253982	-0.0569301514160652	-0.194272243988378	-0.00857746346238405	-0.499417546813855	1.52956789881494	-0.400540453948426	-0.29262611540232	-0.262895268902172	-0.312435362289406	-0.17797232495025	-0.312383596650475	-0.117104357349633	0.426440968337105	0.606318628884468	-0.213774785468221	-0.663944269278925	-0.26438896023014	-0.727919897073469	0.380592703776609
Palbociclib+0.1+48hr	-0.54957285359197	-0.43562820305662	-0.0551135855706834	-0.358968330918208	0.303545770224692	-0.482642429806964	0.675657721382207	-0.469257074307859	-0.258778560603598	-0.302309585244137	1.24319279100662	-0.189924612526845	-0.251914925638764	-0.527062091611905	0.348613732716611	0.494478478348142	-0.231900526820182	-0.548724476532088	1.12444104692938	-0.605772018458161	0.0218287698586162
Trametinib+0.1+48hr	-0.156289993739879	-0.576008956965282	-0.0691730479369833	0.0166669418329015	0.39087389312768	-0.425852046040673	3.01152102269042	-0.336429043394814	-0.237777988103704	0.0637653424155642	-0.620597030484339	-0.187049011013594	-0.326185954146012	1.48517166838877	4.13823244413659	0.22864569765024	-0.0613498495684766	-0.813754003649276	-0.57324160746533	-0.858470415680514	1.17024526771518
Trametinib+0.0003+48hr	-0.57848501661558	-0.490460990631472	-0.0458553351717533	-0.281888180634161	0.312254042657963	-0.366982118604003	0.659644110935317	-0.426628097124913	-0.299564010971624	-0.174870730342265	0.751035644828508	-0.148732558728186	-0.23736246877166	-0.46006715374997	0.341315692888151	0.182040399819444	-0.296103747827223	-0.527101203395796	0.881224725337068	-0.504363595149195	0.227801811906869
Neratinib+0.001+48hr	-0.588189898439863	-0.466893327949035	-0.0625023059173038	-0.398616226966176	0.294804781018407	-0.404590166604179	0.290828873878251	-0.435506752360344	-0.262047454218967	-0.239879857669104	0.626906804198008	-0.187171595091081	-0.246101054642255	-0.447163329787096	0.39910261304944	0.159269952988818	-0.326405206454253	-0.592534437306869	0.450894327259518	-0.556980850424702	-0.127788131841111
Neratinib+0.031623+48hr	-0.543338154228616	-0.486195055229604	-0.0518495297002552	-0.454335709285032	-0.154122772249086	-0.486069843130183	0.440750101091346	-0.464179748821661	-0.302524828651867	-0.305211503582722	0.492939497210466	-0.216787725758017	-0.296974170113839	-0.547779883968366	0.332588487051779	0.16635322239081	-0.334899315494301	-0.612966349198487	0.409511940488387	-0.659683822968433	-0.0291461467205634
Paclitaxel+0.0001+48hr	-0.591718728814499	-0.461504991389134	-0.0648846339928951	-0.463446612377207	0.0655449903445714	-0.467356088911712	0.333464926651199	-0.425998310188305	-0.264293009320821	-0.317711493648476	0.842029102506752	-0.209911775980201	-0.266289653574817	-0.760618976994881	0.417215516041996	0.296281841629712	-0.346828846028425	-0.563059423657835	0.699636601697987	-0.615526414714156	0.0917796734889419
Trametinib+0.001+48hr	-0.578523707594641	-0.543871380975499	-0.0627311827768203	-0.456521568180927	-0.193181707944773	-0.528493871836104	0.613972188507148	-0.467833735703112	-0.315285657794584	-0.264410821165791	0.362887102056347	-0.247088998914353	-0.309285475160051	-0.631037733584533	0.565522560733868	-0.202114112120831	-0.32739037985285	-0.631109379482869	0.477589010264955	-0.673265965391722	0.267382772444531
Trametinib+0.01+48hr	-0.375356601083726	-0.570639007223006	-0.0681134134255947	-0.215103518061492	0.368800075105472	-0.412651671305717	2.17213803800039	-0.342763928495079	-0.290060839416175	-0.237546164461716	-0.521951660843443	-0.218659940889593	-0.294795053529666	1.06381286269789	2.26989674307153	0.0625888864017649	-0.036615442265629	-0.781190877567235	-0.416890631903434	-0.762818723578574	1.43555940135481
Paclitaxel+0.031623+48hr	-0.534840551871604	-0.63123170290699	-0.0987448960506935	-0.286964596157778	-0.876326277811547	-0.542333449437288	-0.212392228340766	-0.459348779337665	-0.195437100784991	-0.320139194383123	-0.614518999184408	-0.1828242084401	-0.326167630678246	-0.825421441942028	-0.189827293146604	-0.206598074794743	-0.277354258257774	-0.837615433494762	-0.609668966076261	-0.889112294098323	-0.851083846380301
Alpelisib+1+48hr	-0.555130114106376	-0.460536377653758	-0.0617730318398386	-0.438136753536198	-0.169460292643191	-0.500218154238385	0.349983086820771	-0.472516697996731	-0.299676149553264	-0.357816742462931	0.0420669611588657	-0.232991184497248	-0.307302220428763	-0.547191518945714	0.0361440707133688	0.263268961022714	-0.319901405405421	-0.579911862499957	0.107007347022262	-0.658601961958658	0.141995039973985
Neratinib+0.1+48hr	-0.313071377558387	-0.485911723379788	-0.0630044517730743	-0.316838709357667	0.243964167358834	-0.398410642658545	1.53440143091717	-0.281886499473646	-0.249751235828671	-0.217024148524057	-0.107110705305269	-0.201440035924323	-0.273600232158879	0.353955678130699	1.3243369301328	0.495068623639922	-0.0561158047196842	-0.666548038427311	0.153857685010949	-0.63464030916506	1.15962115465558
Dasatinib+0.031623+48hr	-0.535538900611549	-0.529927896859519	-0.0524560258630985	-0.330939711165624	0.584688598475307	-0.333572665306067	0.814111736019658	-0.401494980180992	-0.308307596193453	-0.187853645492013	0.596196109213112	-0.210197780623588	-0.233589906416997	0.158184214960426	0.7350355164492	0.638578590679539	-0.177931358432694	-0.641176695089927	0.880366412110392	-0.557857784149131	0.910346497700143
Vorinostat+0.01+48hr	-0.549295184076093	-0.429364082943812	-0.0360829927239784	-0.446306729027764	-0.00313691621302478	-0.443060171611342	0.190125384566833	-0.419760593053751	-0.268200637050265	-0.340855841052149	0.359826287744709	-0.228162919403435	-0.291045288758203	-0.209578446244052	0.264068500235869	0.26099311799269	-0.329063222007723	-0.579294058927604	0.354837695031041	-0.604583956643307	0.216491895001286
DMSO+0+48hr	-0.588406627856711	-0.500182374643613	-0.053745172041201	-0.472582124610097	-0.142959788370805	-0.458211358504812	0.00210193864706128	-0.436766497264957	-0.281569764446374	-0.351566365668516	0.325881348295964	-0.240397708510001	-0.303529273632096	-0.414369060294588	0.247327050961566	0.219271141543497	-0.346156801730375	-0.618405740698469	0.341566215128742	-0.68075471985008	0.313806963964232
Alpelisib+3.1623+48hr	-0.553914068889195	-0.526872363994524	-0.0460775905376104	-0.454670523788479	-0.309038442049103	-0.468136431660881	0.293016725434171	-0.487876565568216	-0.329610774500262	-0.37286530340035	-0.0940060748579544	-0.239381746620471	-0.308043045859414	-0.416211241210925	0.0802484099986826	0.458677565617606	-0.327699957362898	-0.670757563144273	-0.0816809896273934	-0.726650819722144	0.320001457609105
Neratinib+0.31623+48hr	-0.112495371882683	-0.55969124276451	-0.0596333528208482	-0.26497910527144	-0.131940339096523	-0.439329610555999	1.9208444321092	-0.180796273136838	-0.264170027938892	-0.205819893041017	-0.637757883704453	-0.140271700757703	-0.303552793044362	1.21834060124968	2.71812020502763	0.462528147780319	0.0168049260655339	-0.797397029647871	-0.58907391968408	-0.849929332648831	2.95183205876968
Paclitaxel+0.00032+48hr	-0.591981454882542	-0.480160537967835	-0.0540634207830607	-0.474109661850958	0.001816147750524	-0.46372938080438	0.123913506615926	-0.405449761763701	-0.278039167619701	-0.319147748999527	0.623062682376866	-0.224379671010043	-0.290213082210774	-0.53741463802022	0.353269157708987	0.314391792561585	-0.335642239593681	-0.590463069948006	0.580548114767394	-0.616628113054556	0.342983801641362
Neratinib+0.0032+48hr	-0.62670606715121	-0.544429829514598	-0.0651128008725709	-0.486458824536973	-0.0423969720768847	-0.461571457969472	0.0399257338826231	-0.407034786749696	-0.30275455620993	-0.295431057981706	0.573550846549687	-0.229074803054998	-0.284800192299019	-0.536100255189765	0.481083134327862	0.409406851641377	-0.349628823820246	-0.627384939849603	0.643937230779617	-0.622463971687445	0.328734952940865
Dasatinib+0.31623+48hr	0.427781073846458	-0.216166156292211	0.0465244947306947	0.557404459609609	1.55919241712837	-0.0553118095244308	2.95882489811188	0.314225240202498	-0.0255465284322864	0.463891491933386	-0.0971518177551016	-0.0398310919041464	-0.14967323125085	2.31160284367551	3.38061073467469	2.15322818575442	0.816769520226877	-0.467912066235874	0.144447154065086	-0.492597613276697	3.29583819778518
Trametinib+0.31623+48hr	-0.352541647273923	-0.595306167583174	-0.0718213458180698	-0.262966210044834	0.0553467370750358	-0.432151868413509	1.65464854146757	-0.437174926855243	-0.291782408759544	-0.221839350938526	-0.645153947794998	-0.193412014520165	-0.291355382004132	1.21913631748442	2.6370077265417	-0.0589517769928617	-0.13263319578981	-0.814014749952255	-0.601995438852697	-0.868473112496872	2.05888914199047
Alpelisib+0.01+48hr	-0.604949098478224	-0.495760444212705	-0.0515288807005021	-0.439400044883196	0.192054435734514	-0.404734748078354	0.104204538813739	-0.438085015634091	-0.270111361613605	-0.26324466477586	0.567728376964547	-0.192383897895314	-0.241659255603177	-0.538875846237301	0.334206301934657	0.38974740354799	-0.339887513555005	-0.589813194630587	0.700848919143014	-0.600267160905766	0.509839298744524
Palbociclib+0.031623+48hr	-0.614185258726468	-0.472009160086749	-0.0511599065705783	-0.469485886600812	0.166305363568056	-0.413237913845403	0.0777094362647079	-0.433475891194965	-0.276643933087477	-0.323759212220309	0.706537125025577	-0.208725884001524	-0.257132663786248	-0.355007252294309	0.449605643926042	0.386164881330219	-0.339416572224872	-0.576145187874019	0.758977982656809	-0.564565381672667	0.438219626264231
Palbociclib+3.1623+48hr	-0.489883980220097	-0.531624892865636	-0.00119127662093486	-0.215966248449075	0.550742856105094	-0.317753217863151	0.480347435058885	-0.472127724624837	-0.26311872935511	-0.347794313530034	0.95882831276457	-0.195943644852095	-0.180956418261826	0.39205158885988	0.537742353369638	1.28857095273805	0.224101805856136	-0.616600382637563	1.36146353444994	-0.718513754281641	0.666443152873353
Dasatinib+3.1623+48hr	-0.0388908112598481	-0.593743261800879	-0.0836007378351372	0.0861766816644738	-1.21616303886608	-0.552871559529989	0.177914359411402	-0.413031610449608	-0.294572795886182	-0.271413194154854	-0.660495527673129	-0.105747935520172	-0.343775344068712	-0.679325674495411	0.566273889071836	-0.158934181079786	-0.219519102990578	-0.826453534165011	-0.682879841148963	-0.906839779892157	-0.677107591488803
Palbociclib+0.31623+48hr	-0.540057542894694	-0.469344444620156	-0.0355004588855423	-0.404745580488722	-0.0269314988681545	-0.439476427699449	0.0378630061535024	-0.45807756164415	-0.257800400806897	-0.381709056061643	0.735681248642216	-0.236862499009729	-0.256068899991766	-0.257505515653837	0.241795605602118	0.647788522395926	-0.193253524107515	-0.627000619576822	0.491053698092798	-0.727233614618428	0.251593597150098
Vorinostat+0.31623+48hr	-0.510129013313782	-0.400535228214628	-0.0410240802731492	-0.416201112514881	-0.274580843245274	-0.482514899193459	-0.0571218849482247	-0.515094288096545	-0.249998231929979	-0.385263718250917	0.753423540227962	-0.206552072338531	-0.27958531206674	-0.510983109423732	0.0668385129271473	0.533811920580342	-0.305824421685879	-0.639152828439978	0.520889167295134	-0.729996366805335	0.303924617479487
Etoposide+0.31623+48hr	-0.270707249640216	-0.541377763512019	-0.0850634371401251	-0.0955416082078458	-0.390708845730523	-0.485035590778883	0.170963848505388	-0.0391116796840668	0.25307245593262	-0.35194962929185	-0.323112437780313	-0.213827108925121	-0.272225850380634	-0.298620894820161	0.224708842187444	0.995829044352233	0.106701233393391	-0.678124003375525	-0.288258574795109	-0.802887604095581	0.773622571502641
Palbociclib+10+48hr	-0.102699320699367	-0.505180976894258	-0.0742407628062243	-0.0341813622338339	-0.0563797097012875	-0.424912819476573	0.336697268596821	-0.359270366980519	-0.159182116700406	-0.350490862957077	-0.170942542511132	-0.227839273963199	-0.243527696731857	0.135907480724628	0.555320360743286	1.84114007121102	0.430760632757841	-0.651653732355653	-0.0738926596837832	-0.817951652694616	1.11576549472613
Vorinostat+0.031623+48hr	-0.58823959069679	-0.460766574623988	-0.0646951462891011	-0.492074857302025	-0.071755300404903	-0.448686102616293	-0.0466355303321144	-0.438869625380766	-0.271939226238474	-0.364090206677693	0.300324850828835	-0.231669178029831	-0.287046002564138	-0.343799068184707	0.248387338503149	0.462126324184634	-0.357384227632234	-0.606559182898528	0.382073818624449	-0.667010532740655	0.42623189640136
Alpelisib+0.31623+48hr	-0.504854897771385	-0.466918680434174	-0.067409642188629	-0.461828189874846	-0.619874840436929	-0.543193683298984	0.155733107869376	-0.423632337261914	-0.288772518731783	-0.376396413248872	-0.360235812759328	-0.262924986277321	-0.349745063378733	-0.756448314733617	0.00305313091211976	0.154618276043971	-0.377570799270581	-0.619247811672859	-0.431755948451106	-0.752877017015139	0.496018016150901
Dasatinib+1+48hr	1.09604932805777	-0.345707039695521	-0.00448097709184725	0.870883387433731	0.309643916027531	-0.211538596954012	3.18373265937167	0.584961875939634	0.0421876369245101	0.492517863625024	-0.419059522042864	-0.107597370189309	-0.227141778200045	1.64281914174549	3.65210260560194	1.95710694571039	0.906665467234536	-0.611987410539757	-0.284148935779418	-0.70622304820067	3.8797307855595
Vorinostat+0.1+48hr	-0.515379664409655	-0.448279035535171	-0.0541250965681476	-0.41649895615272	-0.429920391484567	-0.490291162815017	-0.0820684186710145	-0.495335212841781	-0.293679564034755	-0.403596901899671	-0.351537160981805	-0.244655806018309	-0.31218662350393	-0.0652020189194166	-0.157985240804666	0.153500599013881	-0.373615159713832	-0.669382573498024	-0.125455388904443	-0.729070048103066	0.0493044605463844
Dasatinib+0.01+48hr	-0.418794568806342	-0.464890321289643	-0.0595925825649194	-0.419032862979036	-0.374248219277201	-0.499272303643682	0.0976928439297505	-0.378979813072573	-0.284773511258946	-0.364348720578583	-0.250185544258137	-0.256004049874766	-0.295942401770459	-0.276189799300894	0.262399966873668	0.26524464100185	-0.313193442607431	-0.600620885238843	-0.326873234355495	-0.740492713584907	0.560459658771631
Alpelisib+0.1+48hr	-0.494377928262155	-0.488715694458929	-0.0753256901605462	-0.489494030890013	-0.633293480495867	-0.555150634581499	-0.0888783025753971	-0.415728583654229	-0.279396369079006	-0.394463456756767	-0.449883115309427	-0.268747044530019	-0.351863465012656	-0.749878473543921	-0.0430165399725484	0.22166201022569	-0.369302195651757	-0.652188846064022	-0.464360080938656	-0.789075555740049	0.290345245812095
Palbociclib+0.01+48hr	-0.502478799919927	-0.461965407909604	-0.0642998844189596	-0.475901137400322	-0.41953561778546	-0.519003870396749	-0.16006716661185	-0.376671906029922	-0.216252258890249	-0.327539894153742	0.0772015746518857	-0.253238013603864	-0.336187276902531	-0.588496014722952	0.104453224622162	0.16477193410933	-0.351716198938185	-0.596890176691516	-0.208010435894276	-0.725692832566139	0.276077741396294
Etoposide+0.01+48hr	-0.574463305805959	-0.481255893820992	-0.0548856311014339	-0.487283362000573	-0.288188452217702	-0.481554341708953	-0.0769521001210523	-0.437124117273447	-0.256168732119627	-0.375801357265511	0.301821310202222	-0.240692072202927	-0.307653236521013	-0.530355502332856	0.104635776600109	0.264430714858377	-0.349529270726413	-0.605461319451111	0.259840357569705	-0.692640687041214	0.353576207166196
Paclitaxel+0.1+48hr	-0.696978273677342	-0.623746816691827	-0.105580865738232	-0.494400699165369	-1.22335551231107	-0.543714918193588	-0.839839193125388	-0.663646149214788	-0.307829999831933	-0.397300924329285	-0.663571915513857	-0.225005388599518	-0.326585849805092	-1.33129378087914	-0.67887853022656	-0.482280511138652	-0.424729335905565	-0.845822418626085	-0.697025319225796	-0.910739387093116	-1.29606430535519
Etoposide+0.1+48hr	-0.437690230098773	-0.545167419312389	-0.0799684890243738	-0.382282680045387	-0.50886578437613	-0.530531212189998	0.0818088033509281	-0.266539021066947	-0.118594788645589	-0.390269886049738	-0.000621004456159883	-0.253355564345167	-0.328190855030699	-0.670266840410973	0.0626988927974911	0.508761003403446	-0.261535451860214	-0.663439796152313	-0.201121135213702	-0.794099156405228	0.522763173092992
Paclitaxel+0.01+48hr	0.242527975946421	-0.612415418991285	-0.0763992092644916	0.365843980974633	-0.398094561880053	-0.494471842712561	0.896803260460277	0.450068458445247	0.105589781164692	-0.312031529509068	-0.606769293092528	-0.15014526912187	-0.308930299546581	0.355031313402083	0.961901243675573	0.942525172738058	-0.136152061981499	-0.825926751074453	-0.542404737880582	-0.879833301706672	1.42903348087259
Vorinostat+1+48hr	-0.500776290876872	-0.537476999200966	-0.067676284337467	-0.297128507292408	-0.234047334219824	-0.4853479311025	0.410346946369083	-0.610605749416017	-0.183251064557375	-0.386352620076687	-0.0861558120881292	-0.197786053677467	-0.267925569100676	0.305745606766881	0.284388222111463	0.853557818797317	-0.208136753858104	-0.770119039238292	0.130861854817626	-0.809655017240135	1.16974924191695
Etoposide+0.031623+72hr	0.205435030345827	0.342035718874336	0.0934781019355536	1.70722337840449	1.51301344447624	1.88859608085529	0.299568296666142	0.29830425564822	0.596582064720932	1.97961742900696	0.00924587870095321	1.53535618020977	1.28414690592399	0.30688991560105	-0.140567174769728	-0.191019000229808	0.901182700609588	0.620384682920872	0.0450884915342759	2.07967491522099	-0.469122400740855
Neratinib+0.01+72hr	-0.162211752213108	0.354079364151388	0.119938728827745	0.809332372909893	1.04601654330727	1.34700268127084	0.318367020477368	-0.0587653890440805	0.0714358832206688	1.4461950716582	0.234844272653371	1.34917931395967	0.871789521020414	0.103328963649207	-0.226796555423123	-0.167514201333593	0.440306142660533	0.717711733594336	0.276876450287029	2.02067752725963	-0.446538737217808
Paclitaxel+0.0031623+72hr	1.64025163489254	-0.294911363386115	-0.019099837752204	4.841747197732	2.54615575002814	0.0735184712156286	4.36791670472947	2.41081372491661	3.18356784754949	2.56179131510276	-0.0268072701695475	0.913825197609326	0.427253503244079	1.84497694022003	2.74883057909841	2.14719759356856	3.18009318732919	-0.365048349240033	0.132635847815418	-0.0544065637098012	0.888127193676038
Alpelisib+0.031623+72hr	-0.0811634296026599	0.662782499722393	0.11744576069796	0.539242832728376	0.580818138915874	0.630601778212643	0.282853677372858	0.0939648027062668	0.228859640732603	1.09553028433631	0.132941212123144	0.943635457437531	0.559703637816547	-0.1434501273558	-0.212455931151175	-0.240345877920193	0.440191839478533	1.20494555213799	0.110892803317634	1.74822607198656	-0.494984592509642
Vorinostat+3.1623+72hr	0.282660999074056	-0.0882654108704666	-0.0408667089171328	4.40682892909649	0.666910939258011	-0.0516768445822303	1.59800241753162	-0.115799287290405	1.32214217034442	1.60115201059868	-0.469333248306644	1.64712248683369	1.2954277846252	0.95534511840358	0.194102612801822	-0.109071065245554	2.12391655887835	-0.613882791763297	-0.447277193761367	0.227745276144037	-0.163303695436499
Trametinib+0.031623+72hr	-0.00579441059160715	-0.625220268263445	-0.102922109602629	-0.141475023398873	-1.11526444556676	-0.436488397185811	0.222522388674903	-0.410169212823714	-0.254320499033684	0.0759920571964224	-0.656610375792883	-0.206584509578408	-0.327521355084168	-0.822011528294878	0.350939983166614	-0.517288216949452	-0.329564394086559	-0.839236997181119	-0.696887509807736	-0.908844334580504	-1.00892833043819
Dasatinib+10+72hr	-0.624747093715915	-0.619325602811812	-0.0834969141151464	-0.43102678034079	-1.10826102914542	-0.188789775465039	-0.32743760310212	-0.661664066412298	-0.332965668815459	-0.130283824692528	-0.649350529509303	-0.10468433551636	-0.273310337320546	-1.27855512422945	-0.173862281583021	-0.413182666013283	-0.337153951406256	-0.833686025552825	-0.693208343205233	-0.913274526819403	-1.21786151713075
Trametinib+0.0031623+72hr	-0.0254663998948609	-0.285440067274509	-0.00152257806438613	1.68962615280648	0.586131842539107	0.378821313439479	2.28309802537671	-0.120926993432397	-0.0309538171244269	2.66486969590397	-0.384780395632587	0.40434209813281	0.508200121684958	1.33280528824661	0.441222804089338	-0.410073221999341	1.15399932336368	0.156667641755422	-0.294122212987268	1.3011959074835	0.493666389604587
Palbociclib+1+72hr	0.255028863563578	0.71998762690162	0.102859333644654	1.70205087369277	1.45258252910824	1.59534388037886	0.425533088848391	0.0968901067625342	0.346645787091703	1.07995722091193	0.0216425088473134	0.944205690498514	1.74988778032639	0.584532497379656	-0.209902212824283	0.227264572491241	2.21201920407188	0.933464188594887	0.233420495918593	1.90444837000438	-0.241464204258427
Dasatinib+0.1+72hr	1.14456836464033	0.723777742307929	0.11395129115278	1.05634134541044	3.0309268711229	1.32276975024921	2.05838707116551	0.550795451756303	0.131992230443316	1.74227421183515	0.182701511103706	0.956898705176049	0.700306152506144	2.86302626624122	1.483679093648	1.02798336555455	1.15645409160121	0.382195654046572	0.566108924965775	1.56190383954551	1.14773287626903
Vorinostat+10+72hr	-0.645251442702073	-0.64942163009013	-0.109325004747506	-0.309606546948429	-1.00249908807766	-0.566280946947355	-0.535434617240111	-0.75032477459325	-0.302727283982627	-0.23735273162939	-0.668676684839744	-0.0598730022663749	-0.187674477353312	-0.952839239440766	-0.549091892481042	-0.592391698281563	-0.433865317672041	-0.848231452317517	-0.700659367719589	-0.82394124752508	-1.13806529539708
Neratinib+1+72hr	0.0378132651455194	-0.597772679104263	-0.0873328829136568	0.495063601112433	-0.0101253503725373	-0.352281405294932	2.91506237650073	-0.202394910866143	-0.241388813123988	0.992919331150224	-0.657247447806151	0.440910014002687	-0.301872540539314	1.13174913497098	1.46036897686273	-0.0569608850288614	-0.0692465709860526	-0.818908209186613	-0.649902472197541	-0.750089072736926	1.67182038499287
Etoposide+10+72hr	-0.637699806034748	-0.629578422229592	-0.107983346133014	0.585008583598784	-0.847882411947674	-0.514027267862325	-0.367335979902336	-0.55762826267814	0.0992074470838211	-0.0154169444111349	-0.652208299499334	0.806619569238214	-0.0486499480983951	-1.0844171300838	-0.591911848912255	-0.216243422125663	0.478643150334214	-0.82933022151102	-0.68161431335034	-0.799107979188207	-1.07513945897623
Etoposide+3.1623+72hr	0.00514665401282155	-0.46329501362223	-0.0796980408542981	5.72707434423188	1.1144065850457	0.275794679524063	1.90396967046431	0.0788529032851444	1.42616167117541	2.0102690284836	-0.353260632888724	6.10477542736838	1.20954138353387	0.85169274588062	0.266319413259489	1.03646212976625	3.90897097934052	-0.568659725154538	-0.279146063346694	0.508434281073021	0.739740382298602
Etoposide+1+72hr	0.241948612467653	-0.348560776304226	-0.0688229626079715	4.70837671690087	2.14141112373357	0.725905433185215	1.48237682802013	0.441301513546143	1.84847218472607	1.52369509135904	-0.280967912049322	2.66949850395856	2.05295746317187	1.39604906255047	0.578159172290018	1.21214540305965	4.24132058978106	-0.487724876715759	-0.0819543545254541	0.767427664292297	0.719428921522212
Paclitaxel+0.001+72hr	0.744691177738612	0.847899165764535	0.0609561961683229	0.901852504731641	0.882113434274738	0.57693978490341	0.422848515841478	0.80215296246448	0.854030094869779	0.564466266851739	0.177669947087449	0.615577898345651	0.696459434847145	0.381099606302222	0.11558843508929	0.221971281717759	1.13795495289489	1.24504426077513	0.228467454483803	1.10860029919281	0.0221648906468844
Alpelisib+10+72hr	0.245411778294631	0.123205594724663	0.0694643318531877	1.31905648808884	0.403898854536227	0.261066914481737	0.897964843660133	-0.0135881730598542	-0.0539771699611305	0.659743634184115	-0.494106080059959	0.469647856634452	0.251489939728442	0.488118238995352	0.369121263105446	0.176642837113591	0.503367320988334	0.0923399671698012	-0.455615152627312	0.492867397729828	0.131785450612897
Palbociclib+0.1+72hr	0.360219885013092	1.01168475787679	0.112138425982309	0.663902029124878	0.773435952472784	0.833946754774765	0.0966962235548292	0.339731941987152	0.36266243881091	0.544983144169308	0.160027076534555	0.659580900455588	0.993879856604343	0.203299215794378	-0.21406661393644	-0.0474993065403924	0.908147085411518	1.27993379849541	0.198175205155949	1.51390082344825	-0.353593149779722
Trametinib+0.1+72hr	0.826573856713578	-0.587718363834604	-0.0751647329015888	2.68769955203009	0.552137232947734	-0.26445236828637	2.39459318825633	0.192803283565538	-0.00426847626449692	2.57504682762044	-0.631857269054764	0.200499416817487	-0.117064963880275	1.89621473300797	3.09838217936747	0.063844720246871	0.143459996602336	-0.811567646600936	-0.599547827462519	-0.588543939341739	0.901840319907697
Trametinib+0.0003+72hr	-0.0272244612253655	0.330614912297556	0.0979110476563922	0.444488412674031	0.77307958012468	1.5898578901652	-0.0328366845160348	0.00188246869479769	0.0835950884152873	1.28843581342454	0.0750172439911625	0.803238486992254	0.786307403712	0.231206793383092	-0.250624140178274	-0.267944979656078	0.371047412953019	0.472410551249116	0.114769879348191	1.675779552155	-0.410294501393698
Neratinib+0.001+72hr	0.470681290873893	0.637690197860805	0.0620087350955651	0.324210402519893	0.602237178285235	1.06615949882357	-0.144056638603389	0.561681880250603	0.318010892106144	0.676685493599285	-0.0622892565653021	0.507495303652537	0.631521675324738	0.0660623670948124	-0.0616363053056622	-0.213821333297831	0.239875469649245	0.78102718840811	-0.0935819564176258	1.2476386975516	-0.504403329311227
Neratinib+0.031623+72hr	0.604938587089609	0.674687362288171	0.0961683955939989	0.272233404384584	0.161722496331133	0.729122811869329	-0.0838861111793577	0.388562078069452	0.0996512201796447	0.59203145865957	-0.171192717186256	0.310492726230683	0.43010040723093	0.0320480806755833	-0.142076516551272	-0.201512429709247	0.44268261924984	0.880376737498597	-0.151895632907301	1.0597946713728	-0.446096103462617
Paclitaxel+0.0001+72hr	0.0660408441668479	0.67844051334434	0.0853855053616338	0.0856578600166895	0.314386282904236	0.440457964235023	-0.153904501481186	0.364358125641839	0.2634121642617	0.329173863429334	0.0160254460773532	0.354166099872202	0.439209981185641	-0.245304779232887	-0.106818324314761	-0.147268090732003	0.252216122545539	1.00282145566193	0.0162600185842263	1.09017490323162	-0.381626915331228
Trametinib+0.001+72hr	0.0383152320879538	0.0964785844708881	0.0927529341878213	0.219642694851114	0.0301389688341379	0.451196519212348	-0.0574633982336413	-0.0198360133670281	0.0167766688871218	0.857073619160502	-0.214478061989411	0.15460927154466	0.489803148176758	0.0233382333047963	-0.162098802278937	-0.508709076622615	0.424327420082293	0.786641811242192	-0.107050651918586	1.020154352002	-0.351276408567955
Trametinib+0.01+72hr	0.356207289691771	-0.491480957949015	-0.0561907684341136	1.26642871905554	1.10831851694277	0.225062353718653	1.4476810022285	-0.0297634213655771	-0.090346371139989	0.844742976310873	-0.578520629470182	0.147608309019303	0.252113808545338	1.77564254841743	1.24931807296208	-0.154789705845132	0.521507057789264	-0.692292205317991	-0.50691894698178	0.0674563756305358	0.961525516785934
Paclitaxel+0.031623+72hr	-0.238544022152129	-0.607922724447009	-0.093343660980852	0.201823648435502	-0.751968785460723	-0.496768515934215	-0.0252759653167357	0.0288005273292402	0.0930516503077599	-0.185633258521434	-0.606273319043316	-0.0592657269007443	-0.263162085314644	-0.549645603236382	0.0245901147232179	-0.031074547785294	-0.0520993896545043	-0.827947281288747	-0.591150975177891	-0.853329645304829	-0.702466048114563
Alpelisib+1+72hr	0.551955194099664	0.825283105722912	0.0771195903162846	0.254831306318972	0.130304200953051	0.6181055580847	-0.151398582437824	0.432979258891019	0.0646376536749641	0.0805488577546074	-0.367362840373422	0.253592150315797	0.371336381329309	0.0408785843985743	-0.0910087085558558	-0.138295010800801	0.251588874034588	1.15836399918024	-0.311373799345844	0.918210128424023	-0.310380989302494
Neratinib+0.1+72hr	0.654531561935491	0.207689233208602	-0.0137877049292367	0.628523396943429	0.601004901136251	0.758561475323549	0.804168665627165	0.40266232100027	0.087177215145496	0.934033522307166	-0.394101200432812	0.260726389777621	0.383420414428858	0.935414057344861	0.839236930615817	0.176750788252465	0.922237263980801	0.0967097565024098	-0.219781468925474	0.807827301012951	0.617613297373307
Dasatinib+0.031623+72hr	-0.0984653313645753	-0.0125919375862777	0.0424839765734048	0.564486567390732	1.10433514656669	1.34206413586862	0.250066990890662	-0.113033188647769	-0.031805128245916	1.0682367571366	-0.00354981769781744	0.28736690742766	0.71752561747656	0.931516917176334	0.154311006405781	0.191750622948405	0.561774753591466	0.218543638716455	0.21399131596537	1.06871697180837	0.327136828252549
Vorinostat+0.01+72hr	0.686287816005998	0.893410877828333	0.12704305757439	0.134712737233697	0.24662071164571	0.965911854610606	-0.260760531392435	0.740731556043742	0.268407520008742	0.186127777287812	-0.190794388690168	0.262427520119752	0.497047703038352	0.397344879255567	-0.161284648138219	-0.172568628588614	0.170131547019945	0.920424811126114	-0.161933218167531	1.10802806814775	-0.326709925453042
DMSO+0+72hr	0.200149239452697	0.364671425851285	0.075315821180502	-0.00380356111368084	0.109946341165291	0.660525650783273	-0.402466279093944	0.336713833117351	0.182850397694707	0.107342567203193	-0.2030191748015	0.0840792581712261	0.260489176593443	0.162448188698157	-0.17998472893578	-0.176939853941761	0.0807579550506984	0.611352476573607	-0.157909239486664	0.602834117205236	-0.302309916501525
Alpelisib+3.1623+72hr	0.134336868632785	0.355981127645459	0.106282121252211	0.297063061831948	0.109368768507674	0.86933449251544	-0.163691232664874	0.0373886597811759	-0.121185297914166	0.044297085192527	-0.41578492754131	0.148623270760865	0.285702021333804	0.265664396170333	-0.0163351837992038	0.0390381364277827	0.208646794921485	0.435299345371761	-0.377832320819474	0.605329467226988	-0.196770994321667
Neratinib+0.31623+72hr	0.754032844544332	-0.49015813831791	-0.0109058275842137	0.753340349670944	0.172193199473553	-0.132211102878381	1.62448420249017	0.278377061192221	-0.146137605142581	0.833138700036797	-0.643572845283262	0.183235008360131	-0.18821131419526	1.98046885387878	2.44122234787133	0.345840066106391	0.475050063581458	-0.735341192052247	-0.605551665854653	-0.50733211449043	2.79038937151664
Paclitaxel+0.00032+72hr	-0.15601336749884	0.356568306452021	0.0788521982936334	-0.0655817495508716	0.228494835098897	0.619784700914714	-0.329637075737165	0.15165486723501	0.140111252402961	0.216350206393057	-0.0470190221845397	0.184435159587053	0.363917058291245	0.0558536660875329	-0.160322184054311	-0.118539262410189	0.0984576894709522	0.55266461873381	-0.0112956628622841	0.822787401513062	-0.283199435085104
Neratinib+0.0032+72hr	-0.509451209869021	-0.0920304817800813	0.0302884995269689	-0.135530754274383	0.197781080407165	0.659477730146156	-0.387238850390896	-0.277681000819457	0.0114319702221953	0.376190177507227	-0.0779769039920668	0.17020689106432	0.386772009662085	0.184482265758992	-0.151188995072022	-0.0728883993873784	0.0574725864142898	0.188700949755091	0.00151719842498459	0.777564496112397	-0.319843378502702
Dasatinib+0.31623+72hr	2.15348094278084	0.469863443783458	0.119677696960217	2.28125915676456	1.96280867406725	0.603927198653126	3.15447839378612	1.34764924300443	0.503832768745371	1.66628589913689	-0.211382532841757	0.341593938818776	0.302559251006042	3.25195014718236	3.9086167636697	2.25453019485697	1.81550992176069	0.13702454809777	0.0458345637907144	0.264386633284867	3.69322863359866
Trametinib+0.31623+72hr	0.650781514391468	-0.609361373450602	-0.0816816481988666	1.21748189784587	0.437939803557606	-0.209069501478408	1.03411894965767	-0.00693607773675852	-0.166957943336172	0.853850675038875	-0.652935310078632	0.0841200100646574	-0.0617093063435941	1.81999063180469	1.75352608733793	-0.229012089234082	-0.022864388195087	-0.818040051221799	-0.624869233230576	-0.622485012736945	1.58398979225088
Alpelisib+0.01+72hr	-0.0722719899550923	0.28749979303345	0.0837795148133808	0.0516963583835193	0.448181220090552	0.854593801728894	-0.348134844254852	0.0658258876263819	0.177057820691898	0.449930591926718	-0.0577658012680232	0.285647253553778	0.512815952950822	0.0799683624078519	-0.161217385112911	-0.0468489315141102	0.109445616496723	0.605938353430485	0.0457213118039478	0.881429987789756	-0.175970066909797
Palbociclib+0.031623+72hr	-0.189952539667986	0.452489240290632	0.0654376393994992	-0.0522605336428001	0.434813595277565	0.923248679354097	-0.364074146568614	0.124391062212272	0.154640521688101	0.24761526548194	-0.012226931264173	0.281368336938018	0.477693245949024	0.320303755449941	-0.097924342688917	-0.0782759777886001	0.0773275569984532	0.542032342865819	0.064414983342997	0.974337250032541	-0.242073894449936
Palbociclib+3.1623+72hr	0.677131785730204	0.581507983898594	0.151310453696438	2.26363474030039	1.78832290275601	2.41635638784276	0.0112285097413458	0.405744908278194	0.463524853250756	0.445861009761836	0.0266972683614952	0.462684594429572	1.90821503947563	1.48174779180833	0.0458333163197106	0.597525125559146	3.17061867751401	0.66336965273278	0.30967387882859	0.904134660298307	0.177275965755104
Dasatinib+3.1623+72hr	0.562895234290603	-0.561445754878961	-0.0724027678260664	0.673267066977594	-1.16297320688231	-0.522400942057939	1.05693165613576	-0.191523813140883	-0.251336185453357	-0.175531968147217	-0.658612671305104	-0.0545645479760472	-0.325046682464815	-0.0632082317381179	1.04988460786656	0.0179289073544409	-0.125151868808379	-0.819284460701811	-0.670633139218188	-0.899827069306398	0.0275434432681587
Palbociclib+0.31623+72hr	1.04601442156048	1.10793467591598	0.113736819058848	0.519161828219148	0.457753948800112	1.11638251413429	-0.330819838469392	0.858263996493528	0.458572646319554	0.00118423491157326	-0.0850261094331817	0.149094557826359	0.708895393876857	0.454815901882234	-0.211627500209061	0.104465989740618	0.982633874557354	1.1451922923528	-0.129931009056278	0.768346107811	-0.239832711513246
Vorinostat+0.31623+72hr	1.21758610316472	1.56289818750435	0.166007032545402	0.467909092506955	0.131128366102096	0.691387211849474	-0.48659581725719	0.661088356405266	0.436576749879649	-0.086062275324956	-0.127669344968805	0.396010292071177	0.561379525621421	0.136505165090754	-0.303808781676391	-0.0654787367543701	0.466229881121315	1.09679661614818	-0.14723529246233	0.718739215759001	-0.272782313108268
Etoposide+0.31623+72hr	2.42576008442453	0.294832100522582	0.0129207102192915	1.64526186663158	-0.0902239769280429	0.126698373107302	-0.232811199964596	3.2918614432261	3.78731110417848	0.070835310561565	-0.531979236432774	0.171741356103019	0.436140111021716	0.118717380638037	-0.112366067626308	0.453212482446168	2.91309156758768	0.823169027201042	-0.504485789374224	0.0353446997082886	0.300992538816014
Palbociclib+10+72hr	3.45621676453266	0.663378615587944	0.0390039074943175	2.2244465829279	0.370173633984378	0.411424920141432	-0.0581548298383616	1.50441389208702	0.97425064585929	0.131215477982939	-0.469671108488871	-0.0045971522290381	0.69126511993046	0.563779227736168	0.250082448432937	1.19653543915423	3.80395780678574	1.10831551077532	-0.394990291824569	-0.0700682731658649	0.680523167286163
Vorinostat+0.031623+72hr	0.116989136265099	0.585222595799381	0.0744369353013295	-0.109477720831106	0.178452714002775	0.665686524927491	-0.466430952684282	0.319821118983678	0.185346248288614	-0.0244832868365977	-0.226910992025443	0.130596146508974	0.339116280062954	0.350173896223597	-0.192042292488437	-0.0338523609139819	0.053754165966172	0.691290397582467	-0.151680260135082	0.607183865542744	-0.259650886504077
Alpelisib+0.31623+72hr	1.00107341617295	0.665442112082969	0.0708205873614255	0.106036747799993	-0.57923967112905	0.0350904445314268	-0.346769287365824	0.849420578266508	0.151961073373071	-0.05957571341936	-0.533870963377839	-0.105905088458265	-0.0969384486279197	-0.475123989929278	-0.10894567073727	-0.200060532760595	0.0453931092270928	0.905385817886618	-0.572531464689487	0.199254853997932	-0.144566424655454
Dasatinib+1+72hr	3.14452875659625	-0.0362008335167534	0.0415969539287331	2.40430475009721	0.521061283846233	0.0493719284228407	3.85640092322417	1.51955657624271	0.4234980538782	1.30585951443462	-0.449247983121562	0.100474310941262	-0.0879676302216431	2.63236107282913	4.58984470350388	2.18496247830602	1.64468832926761	-0.384951173543758	-0.295773117883079	-0.429293457561941	4.72784403500849
Vorinostat+0.1+72hr	1.39862007682884	1.04690552386228	0.0891527009282558	0.419593158520204	-0.0616479191876545	0.584336196021701	-0.454057809009985	0.840358444496813	0.175710212551878	-0.164460382351203	-0.549562840886019	0.0872437578306289	0.258537029529129	0.508778327107219	-0.40126994588735	-0.233504986883569	0.0344735927769301	0.723352286646988	-0.44068532651338	0.441569767887256	-0.410398342122819
Dasatinib+0.01+72hr	1.42077561497329	0.54082787887524	0.0714098352512572	0.218503082605384	-0.269903876303515	0.15354765288342	-0.346158592467159	0.903357066701423	0.1232821673831	0.000986826178380311	-0.464887660000685	-0.0786939548110269	-0.0274452282026713	0.0707327286965604	0.0232727250259241	-0.0860204234906018	0.115337408196208	0.818821721469849	-0.499830204639753	0.169220762200784	-0.0627843845447234
Alpelisib+0.1+72hr	1.23499210192528	0.593554188044149	0.0761895070888409	0.00402672112175811	-0.558843852433084	-0.0335145724697915	-0.49728220088476	0.990334050207945	0.23500921182803	-0.143438324399869	-0.578749527827073	-0.129680691249431	-0.143161712011802	-0.425286497185995	-0.258582661984016	-0.168697564381055	0.0446243079255157	0.785163471343626	-0.591408213345998	0.0566563498953745	-0.30145458673469
Palbociclib+0.01+72hr	0.907271082320327	0.608747514623822	0.0892036899883801	-0.032068999304568	-0.285873657965561	0.193795389356025	-0.548372407723251	0.92491121420645	0.321459902882035	-0.065516073772336	-0.33894964442101	-0.0592825526420389	0.00355806382724662	-0.186190082041483	-0.232886064996928	-0.202986139112564	0.0760420740452471	0.883188126390566	-0.45650368989251	0.323914313880521	-0.341770495746077
Etoposide+0.01+72hr	0.369343523740916	0.507168927466868	0.0868113920757384	-0.0672815941563856	-0.0474868736579644	0.432255471936011	-0.470493602567149	0.61639664749309	0.342482010781436	-0.0704434383940245	-0.227000006242902	0.0482987128219924	0.186334100570676	0.0497385805511213	-0.25192032127964	-0.132182123191555	0.0949376384671562	0.820418540153656	-0.199418857106803	0.464461646892214	-0.256305413410812
Paclitaxel+0.1+72hr	-0.566928617906452	-0.609005786139873	-0.101702671377003	-0.333796501732691	-1.2081724788099	-0.521585763412203	-0.671579616696916	-0.515192715399747	-0.239324962087853	-0.383371236998714	-0.660110385121126	-0.190294277830969	-0.299632321942715	-1.19512392659842	-0.591896146816867	-0.437885747421927	-0.399883766929996	-0.843026522594778	-0.696597593141106	-0.909682793561686	-1.08719549592741
Etoposide+0.1+72hr	1.81351732487592	0.386133709053973	0.0491606204830717	0.623660236410565	-0.285210942836292	0.202702452219641	-0.36821648065168	2.12801612593653	1.54747204193055	-0.0812461873927602	-0.390942994804138	0.00758285960708713	0.192904315893397	-0.290255096919334	-0.32203559419629	-0.0178534560204123	1.03087461931078	1.15262799226671	-0.459279789450922	0.215617925683335	-0.0908388313244493
Paclitaxel+0.01+72hr	1.88082638566935	-0.56826431286354	-0.0720638697709963	2.10422792695061	-0.261454394694983	-0.455048467744961	1.26232066422204	2.58665091973955	1.15033007199541	-0.122807361706041	-0.614067308376273	-0.00178296988791098	-0.206550911098468	0.946043000573623	1.42159352177323	1.05568318992914	0.262001231366398	-0.818133758357974	-0.549646941328894	-0.832085347434918	1.94672863142113
Vorinostat+1+72hr	1.60221399863534	0.95739840728635	0.0495820948471504	1.73561161775424	0.295241990704542	0.465031957570989	-0.166540831364525	0.315870237206205	1.47551932751677	-0.0036996864824036	-0.435020310280588	0.735626725153711	1.10370464287429	1.15444923227099	-0.0259242718705169	0.290224383339628	1.34229411998397	0.139475166062095	-0.316386610376044	0.333058963789501	0.496781324844798
