	('RP-Ap32;ratIgG(H+L)', 'location: cyt')	('Rb(pS807;pS811);Rb(pS807);Rb(pS811)', 'location: cyt')	('H3(pS10)', 'location: cyt')	('E2F-1', 'location: cyt')	('FOXO1a', 'location: cyt')	('c-Myc', 'location: cyt')	('Actin', 'location: cyt')	('p53;mouseIgG(H+L)/goat', 'location: cyt')	('p21', 'location: cyt')	('p27Kip1', 'location: cyt')	('S6(pS235;pS236)', 'location: cyt')	('H2A.X(pS139)', 'location: cyt')	('Cyclin-E1', 'location: cyt')	('HCSCellMaskDeepRedReagent', 'location: cyt')	('FOXO3a;rabbitIgG(H+L)/goat/highlycross-adsorbed', 'location: cyt')	('ERK-1(pT202;pY204);ERK-1(pT202);ERK-2(pT185;pY187);ERK-2(pT185)', 'location: cyt')	('Cyclin-D1', 'location: cyt')	('KI-67', 'location: cyt')	('EGFR', 'location: cyt')	('PCNA', 'location: cyt')	('MitoTrackerGreenReagent', 'location: cyt')
('Dasatinib_0.1_24hr', 'drug: Dasatinib', 'time: 24', 'dosage: 0.1')	1453.93868467	367.556820438	197.633594161	693.191254015	2368.57724672	163.855129927	2964.1673927	655.304023358	251.715880292	379.036229197	747.835154745	179.250928467	161.086528467	4700.65778978	663.363162044	383.805418978	326.851011679	528.279275912	1061.83112847	821.813283212	5467.47173431
('Neratinib_0.01_24hr', 'drug: Neratinib', 'time: 24', 'dosage: 0.01')	1303.12808678	404.435706612	169.752369835	384.611077479	1201.99628719	139.85525	1534.64999277	449.028120868	222.045844008	199.785190083	560.571186983	165.503762397	149.340208678	2624.65102893	361.339612603	336.202635331	245.721129132	481.867928719	703.769966942	490.884231405	3349.22334504
('Dasatinib_1_24hr', 'drug: Dasatinib', 'time: 24', 'dosage: 1')	2108.09171131	264.894151786	182.79258631	708.811916667	2536.40077976	167.924794643	3380.5840744	893.106994048	304.285511905	614.706845238	499.702505952	170.124291667	160.427261905	5489.90235417	936.351729167	436.203556548	365.86741369	461.975377976	687.241175595	747.625154762	5663.48175893
('Etoposide_0.1_24hr', 'drug: Etoposide', 'time: 24', 'dosage: 0.1')	1007.0143018	309.255835383	159.735403974	334.866500473	1422.28339546	144.751522233	1525.46081173	460.669610218	274.352827815	188.04125071	839.080522233	163.547331126	151.933610218	3430.59849574	368.916441816	405.291125828	267.245496689	483.761658467	1075.10461022	534.901405866	3345.09238505
('Paclitaxel_0.0001_24hr', 'drug: Paclitaxel', 'time: 24', 'dosage: 0.0001')	1099.24844884	391.085392248	174.12744031	354.446237209	1321.45540078	145.126766667	1508.22159302	418.748686047	221.75483876	186.164367442	602.372957364	162.070817054	152.633453488	3799.8224907	373.838091473	374.812441085	262.088311628	477.767864341	941.575435659	526.612458915	3917.2922876
('Alpelisib_1_24hr', 'drug: Alpelisib', 'time: 24', 'dosage: 1')	1082.84652217	358.444254187	158.019889655	339.10420197	1167.43894483	166.804972414	1487.08898424	429.718205911	222.813035468	184.962343842	522.896475862	159.928308374	148.901555665	3503.09906897	366.284602956	344.400566502	240.744841379	398.99949064	688.37395468	503.36373399	3561.8335202
('Neratinib_0.031623_24hr', 'drug: Neratinib', 'time: 24', 'dosage: 0.031623')	1090.45837317	266.223808343	154.162188275	291.997559188	971.409633596	136.128669673	1483.63101015	451.825027057	194.619953777	183.607633596	349.383908681	156.271925592	145.558182638	3182.56530214	391.536349493	272.770688839	218.583286359	313.174421646	474.045633596	387.289497182	3778.76712852
('Alpelisib_3.1623_24hr', 'drug: Alpelisib', 'time: 24', 'dosage: 3.1623')	1175.62133608	288.075851939	155.228412456	285.000245593	880.335031727	133.948545241	1520.46412221	424.191527615	209.725387779	169.532720329	278.87793067	150.74173208	144.828289072	2913.70638895	362.503247944	315.484	218.141177438	305.341958872	368.688338425	332.57106228	4031.75941246
('Neratinib_0.001_24hr', 'drug: Neratinib', 'time: 24', 'dosage: 0.001')	931.619083453	373.021982734	175.071206475	276.346085612	1055.81111942	141.851472662	1297.92702086	409.362705036	208.152594964	175.714817986	563.842646763	157.474520144	150.499502878	3554.75310576	330.385969065	320.521663309	239.576566906	441.343369784	868.968669065	495.096677698	4816.0019741
('Trametinib_0.01_24hr', 'drug: Trametinib', 'time: 24', 'dosage: 0.01')	1003.25271752	168.491600394	150.495435039	394.751984252	900.761726378	135.212360236	1406.30557677	426.648124016	234.927248031	242.645378937	221.23353937	155.229580709	144.217970472	3603.8648622	416.84882185	199.753634843	205.380237205	238.18086122	319.407302165	367.566633858	6382.85098228
('Alpelisib_0.31623_24hr', 'drug: Alpelisib', 'time: 24', 'dosage: 0.31623')	925.016808108	348.191899099	165.056874775	298.598604505	793.662267568	138.986754955	883.773414414	422.283844144	215.884363063	167.731086486	414.44529009	153.488144144	147.701605405	3707.3573045	331.21689009	346.962323423	238.121315315	395.568193694	689.20881982	401.809195495	6275.26042072
('Vorinostat_0.1_24hr', 'drug: Vorinostat', 'time: 24', 'dosage: 0.1')	790.005040351	322.58695	157.451476316	253.370805263	870.068684211	139.171492982	1104.17876579	383.977902632	216.120719298	166.354358772	609.524979825	152.965580702	149.289177193	3876.64365965	343.601941228	385.735263158	230.288762281	378.332904386	944.365174561	396.075096491	7212.53677018
('Trametinib_0.0003_24hr', 'drug: Trametinib', 'time: 24', 'dosage: 0.0003')	930.500463435	304.085840592	155.475642564	258.043062449	748.434635168	134.146128184	1111.83914873	484.81414544	226.093445357	162.880686113	412.729510271	148.913825801	145.578156943	3034.23667625	338.944505341	272.087419063	221.938905505	398.264856204	598.947123254	388.744814297	5761.44048891
('Trametinib_0.001_24hr', 'drug: Trametinib', 'time: 24', 'dosage: 0.001')	792.741913043	285.462743232	162.248233798	262.272321575	895.422899098	141.945802297	1034.37027235	514.302321575	210.157863002	174.16326087	424.641134537	152.015527482	150.777884331	3328.82695734	389.206998359	219.806236259	219.745895816	397.950485644	653.130120591	481.90026169	5994.93253733
('Palbociclib_3.1623_24hr', 'drug: Palbociclib', 'time: 24', 'dosage: 3.1623')	827.116496591	167.036532955	149.882182955	325.023761364	1107.11633068	140.313843182	1170.90192614	384.958479545	218.997053409	169.334997727	616.669278409	149.839659091	153.074297727	3944.71602273	397.306376136	444.978281818	298.656034091	227.660075	929.819636364	293.691834091	5720.42507045
('Trametinib_0.0031623_24hr', 'drug: Trametinib', 'time: 24', 'dosage: 0.0031623')	1036.76708376	225.664020305	152.487452623	330.419523689	895.428307953	138.271949239	1176.17467597	503.038712352	224.481370558	191.90705753	270.415017766	151.859614213	148.411186125	4120.08129272	432.434662437	203.308027919	218.413660745	293.413771574	431.167104061	445.809818951	5871.12787563
('Etoposide_0.01_24hr', 'drug: Etoposide', 'time: 24', 'dosage: 0.01')	571.876110248	244.611059783	157.336312888	214.47588587	935.827982143	140.387052019	1207.30144099	369.94820264	191.269139752	166.476231366	812.915412267	151.093069876	148.007270186	3285.19814829	332.40534705	378.626479037	228.795430901	348.773598602	1062.57621506	378.06895264	6141.31966382
('Palbociclib_0.031623_24hr', 'drug: Palbociclib', 'time: 24', 'dosage: 0.031623')	901.035678311	326.932088792	158.007547307	283.25389738	993.073498544	140.003882096	1233.00755677	408.618194323	217.885350801	166.987107715	555.755327511	152.739756186	150.725575691	4043.84656259	340.63053639	350.17663901	242.259100437	467.92121179	869.898808588	468.997475255	5574.83430422
('DMSO_0_24hr', 'drug: DMSO', 'time: 24', 'dosage: 0')	863.117082695	327.646958751	165.769647024	277.771295227	723.459528187	138.9871868	899.479042428	424.948551169	217.899474956	167.84691043	522.807858378	149.001706541	147.970312119	3676.56748871	327.788546258	384.295172461	239.407919662	387.06552033	741.122813593	373.125185425	7516.25711805
('Etoposide_1_24hr', 'drug: Etoposide', 'time: 24', 'dosage: 1')	624.066276596	214.915751227	159.081392799	316.976361702	1389.52891162	149.913469722	1544.49919149	472.049400982	291.909477905	192.363515548	791.105260229	183.657649755	152.76602946	4861.47874959	420.865821604	464.90887234	290.75205892	282.986991817	1187.57192635	460.82911293	7783.91722259
('Alpelisib_0.031623_24hr', 'drug: Alpelisib', 'time: 24', 'dosage: 0.031623')	901.96942249	366.470726908	162.143306827	280.803919679	829.99968755	142.572215261	885.659898795	434.036083534	215.353142972	169.428187149	528.345456225	152.069023293	149.207452209	3941.16682329	330.943927711	361.787248193	242.956911647	447.841461044	816.868727711	455.914773494	6362.31209157
('Vorinostat_0.031623_24hr', 'drug: Vorinostat', 'time: 24', 'dosage: 0.031623')	648.714505295	299.438553707	158.23421407	220.627951589	868.967189107	141.446729955	945.997375946	374.531315431	196.70721407	161.592506051	789.256508321	150.951130862	150.520679274	3541.64036384	308.314677005	408.49072239	224.407898638	379.594012103	1242.35348411	437.863344175	6927.20198109
('Trametinib_0.31623_24hr', 'drug: Trametinib', 'time: 24', 'dosage: 0.31623')	846.373902461	143.415876937	143.152934366	275.233014585	693.037988149	133.114666363	902.803191431	408.09727165	205.247999088	191.667916135	181.618465816	146.97720784	144.412336372	3302.02846673	453.369059253	175.115201459	177.094531449	210.292159526	258.292269827	273.623262534	6895.36482042
('Neratinib_0.31623_24hr', 'drug: Neratinib', 'time: 24', 'dosage: 0.31623')	689.296844519	149.229553691	148.045196868	280.096782998	638.798497763	133.929772931	945.892796421	438.929700224	178.914749441	187.092197987	170.871275168	147.14307047	142.291045861	3668.45928635	503.173684564	190.749014541	187.258256152	234.086628635	202.674543624	243.817623043	8803.37971477
('Dasatinib_3.1623_24hr', 'drug: Dasatinib', 'time: 24', 'dosage: 3.1623')	998.408216931	185.671153439	179.424018519	320.475883598	1611.86378836	161.312648148	2254.34621429	707.442074074	232.667640212	402.030828042	225.365026455	157.768992063	160.798227513	7590.00501323	754.956312169	324.568137566	284.516582011	289.382859788	387.891547619	504.432592593	13636.9302196
('Palbociclib_10_24hr', 'drug: Palbociclib', 'time: 24', 'dosage: 10')	742.231586873	160.325035714	149.96655888	285.380477799	848.864101351	137.405488417	941.542662162	360.678149614	196.185783784	161.059717181	498.836637066	147.353361004	151.53573166	4487.29575869	398.688409266	440.564760618	270.194527027	213.384001931	819.659748069	260.357732625	8332.33730309
('Palbociclib_0.1_24hr', 'drug: Palbociclib', 'time: 24', 'dosage: 0.1')	724.902188377	251.68299499	152.400863727	283.047881764	863.346363727	140.612210421	988.566513026	394.896987976	227.585246493	162.272892786	647.39692485	150.008398798	155.093896794	3907.246002	360.220862725	423.824927856	279.221948898	272.484652305	947.589283567	334.077747495	8549.42123848
('Paclitaxel_0.0031623_24hr', 'drug: Paclitaxel', 'time: 24', 'dosage: 0.0031623')	1218.28585022	313.419842672	190.55746444	334.867502155	920.045182112	142.123595905	1238.87856358	1087.20102371	420.627016164	186.220330819	418.942607759	158.387393319	154.691610991	5112.95975539	425.874831897	390.025439655	268.639884698	484.908595905	678.123507543	505.497883621	9141.26873384
('Etoposide_0.031623_24hr', 'drug: Etoposide', 'time: 24', 'dosage: 0.031623')	757.709485616	316.187271918	161.396924658	264.703614384	696.875310274	141.191210274	891.785728767	447.249574658	213.842856164	164.009744521	598.12669863	149.909613699	151.909517808	3970.73913014	323.120573973	350.159562329	239.695917808	426.098866438	876.772172603	409.126280137	8136.75086849
('Etoposide_3.1623_24hr', 'drug: Etoposide', 'time: 24', 'dosage: 3.1623')	792.100121311	384.048285246	158.744463934	323.822896721	783.907111475	142.946572131	1057.70873443	687.034654098	450.808919672	170.083498361	372.586688525	203.980577049	151.417211475	4929.16209508	396.383877049	467.740109836	281.4991	301.259018033	678.840508197	514.052842623	9916.95897869
('Vorinostat_1_24hr', 'drug: Vorinostat', 'time: 24', 'dosage: 1')	912.813654917	267.253159555	146.648601113	341.355580705	426.674157699	135.250957328	589.069430427	320.539620594	274.457260668	164.982749536	231.869024119	148.473108534	152.9495	2721.13492208	273.484091837	256.682589981	225.299068646	228.411175325	363.964802412	300.195687384	5453.06788683
('Alpelisib_0.01_24hr', 'drug: Alpelisib', 'time: 24', 'dosage: 0.01')	679.756368947	274.851890853	154.848156802	221.611390469	628.584027671	139.033761722	777.203427364	406.419702537	199.00653113	159.443721752	421.219780938	147.923036895	147.601243659	3589.83363566	323.69714143	378.828513451	226.400474251	321.735628747	715.184663336	339.157675634	8009.16439969
('Alpelisib_10_24hr', 'drug: Alpelisib', 'time: 24', 'dosage: 10')	987.904667396	215.204371991	146.787261488	286.020973742	493.469795405	132.89547593	774.689178337	457.884352298	191.201405908	159.472818381	179.167407002	145.428810722	144.517152079	3102.06677024	349.048954048	265.638327133	200.708847921	246.932787746	242.866033917	244.566205689	7492.07733479
('Palbociclib_0.31623_24hr', 'drug: Palbociclib', 'time: 24', 'dosage: 0.31623')	835.229962037	228.903500926	150.635312037	299.361663889	712.581859259	139.030761111	756.986938889	396.145259259	229.810125926	160.874612963	563.275918519	149.776975	154.162628704	3678.21856296	343.905093519	418.168402778	271.662343519	250.984333333	748.137605556	285.09942037	8583.9822
('Neratinib_0.0032_24hr', 'drug: Neratinib', 'time: 24', 'dosage: 0.0032')	504.403551414	228.978239075	156.766284062	200.615182519	721.830692802	142.316385604	861.387431877	362.816246787	184.419010925	163.174176735	878.381900386	149.013083548	149.421847686	3650.41364653	325.094517352	385.858713368	228.287447943	316.85138946	1132.55221337	342.231078406	8522.5489081
('Vorinostat_3.1623_24hr', 'drug: Vorinostat', 'time: 24', 'dosage: 3.1623')	906.712777897	171.67888412	145.666980687	384.006572961	462.051125536	132.836708155	639.91930794	295.095433476	369.11007618	170.403579399	227.215026824	148.065398069	151.988896996	2974.28841309	296.122172747	239.120045064	205.44398176	221.241841202	290.365829399	298.523905579	6060.48180901
('Dasatinib_0.31623_24hr', 'drug: Dasatinib', 'time: 24', 'dosage: 0.31623')	1215.81980916	271.061955725	185.376838168	377.172232061	1541.63764275	155.854529771	1431.1169542	774.753396947	259.712352672	276.291398473	559.900874809	157.398946565	158.45649313	6926.03519389	771.765722137	432.42390687	313.292662595	398.362851908	764.74640916	559.072630534	11517.110316
('Dasatinib_0.01_24hr', 'drug: Dasatinib', 'time: 24', 'dosage: 0.01')	828.47116276	347.152830543	167.264671132	285.666880777	729.980303416	140.72970998	827.813881447	482.542690556	213.724831882	168.219507033	570.747016745	149.749858004	148.921647689	4264.86891159	370.768522438	370.233113195	239.919825854	451.415815137	752.802341594	429.336927662	8813.31506564
('Paclitaxel_0.01_24hr', 'drug: Paclitaxel', 'time: 24', 'dosage: 0.01')	1306.64964158	386.061448029	308.66071147	369.802824373	1355.21724014	157.619681004	1361.88691577	1301.61062366	482.117473118	234.567417563	694.382874552	194.695100358	160.629921147	7578.31944982	593.774892473	446.341774194	341.112010753	731.573905018	983.600224014	703.240229391	12325.8273584
('Palbociclib_0.01_24hr', 'drug: Palbociclib', 'time: 24', 'dosage: 0.01')	916.624100847	322.787512712	168.547349153	289.904388983	548.346380508	136.967309322	760.434331356	428.810492373	225.399158475	163.11095678	285.156422034	150.137998305	146.412583051	3990.70885	317.013080508	361.344988983	237.497037288	308.810388136	519.573492373	310.796740678	7100.18376864
('Neratinib_1_24hr', 'drug: Neratinib', 'time: 24', 'dosage: 1')	899.363769802	159.52265099	150.277012376	244.178806931	461.698589109	131.836294554	676.472037129	462.378304455	196.216472772	170.504361386	152.718487624	148.311553218	141.587048267	3250.18132426	427.20922896	207.503600248	193.036684406	203.354044554	193.342128713	205.748357673	7943.47790718
('Trametinib_0.1_24hr', 'drug: Trametinib', 'time: 24', 'dosage: 0.1')	865.986205784	153.523464961	146.701486096	289.451361513	502.082427141	132.597493882	735.23592881	380.26621802	207.021739711	172.98214238	165.587641824	146.383707453	142.110479422	3330.97322914	417.749956618	198.771430478	188.402427141	202.879855395	235.382766407	226.905546162	8223.89971746
('Vorinostat_10_24hr', 'drug: Vorinostat', 'time: 24', 'dosage: 10')	534.600824891	153.241966715	148.933496382	224.554387844	425.406483357	131.945426918	715.162227207	311.981418234	299.976551375	177.847696093	160.41546165	146.978927641	149.544842258	2582.83490304	351.367228654	217.979583213	198.491633864	194.187997106	198.349862518	271.682907381	7658.49898119
('Alpelisib_0.1_24hr', 'drug: Alpelisib', 'time: 24', 'dosage: 0.1')	854.474701442	298.903263783	156.552741306	267.727450382	567.721158609	135.72710687	693.182239186	415.111881255	212.193099237	159.184254453	365.875635284	145.240320611	144.61148855	3260.99915522	313.29399067	388.209103478	224.785572519	339.40514419	531.922223919	291.292483461	8258.37436811
('Etoposide_0.31623_24hr', 'drug: Etoposide', 'time: 24', 'dosage: 0.31623')	977.365994024	246.100636454	150.797446215	311.363057769	646.247640438	137.605731076	785.333253984	556.973788845	333.194370518	161.359336653	517.460134462	148.514262948	149.649583665	3759.46691235	340.725434263	441.176012948	250.785457171	333.526086653	664.722960159	326.944789841	8648.55034562
('Trametinib_0.031623_24hr', 'drug: Trametinib', 'time: 24', 'dosage: 0.031623')	741.34660114	152.21897246	144.436744539	268.395890788	446.7037151	130.380835708	695.946817664	368.170895537	206.323937322	170.485941121	168.33837227	144.629461538	140.894012346	2542.70946154	391.901475783	196.427659069	179.321177588	192.426552707	216.743450142	197.569419753	7165.4244302
('Neratinib_0.1_24hr', 'drug: Neratinib', 'time: 24', 'dosage: 0.1')	891.24437564	186.775109519	149.311405322	294.125703173	452.242792221	134.61178915	746.252417605	442.780915046	187.322527124	168.778351075	164.551715455	145.077024565	144.1704739	3640.33954862	373.444462641	251.346529171	207.940444217	204.719942682	220.540906858	229.018470829	8381.49995087
('Paclitaxel_0.00032_24hr', 'drug: Paclitaxel', 'time: 24', 'dosage: 0.00032')	820.706553733	320.762287941	170.065871206	272.794632486	551.319195242	138.175744873	642.422360131	454.280511895	219.929310911	161.081402789	490.80992945	147.379887613	145.907267432	4218.03549713	336.425798195	379.386840033	246.159187039	384.221570139	644.363887613	329.390378999	8049.73602133
('Etoposide_10_24hr', 'drug: Etoposide', 'time: 24', 'dosage: 10')	852.200430435	239.999858696	148.7244	316.932743478	403.49538913	133.07353913	729.856793478	773.966432609	485.268884783	158.52346087	198.318093478	185.766432609	143.568484783	3260.78251522	338.951228261	417.293402174	222.821443478	203.708426087	291.533569565	256.42746087	6916.8635087
('Palbociclib_1_24hr', 'drug: Palbociclib', 'time: 24', 'dosage: 1')	764.805334262	198.242628134	147.03729805	271.567259053	574.447864903	134.45595961	633.544554318	385.738364903	220.025473538	156.683697772	326.541274373	144.767750696	146.373137883	3685.72825487	339.069240947	408.390252089	246.398328691	206.34528273	502.920213092	220.71160585	7460.49990529
('Dasatinib_10_24hr', 'drug: Dasatinib', 'time: 24', 'dosage: 10')	1700.5581625	233.812783333	189.6773	396.2308375	968.598275	145.584966667	1388.11629167	1019.53293333	323.197154167	450.537929167	165.029641667	156.292795833	148.10065	6697.67020417	1101.53980417	354.705108333	285.118729167	291.051233333	266.5392125	322.843033333	13451.0544042
('Paclitaxel_0.1_24hr', 'drug: Paclitaxel', 'time: 24', 'dosage: 0.1')	1648.91191736	413.874099174	671.421152893	260.635157025	559.534871901	139.54335124	1197.18355372	1423.85857438	378.485400826	193.780041322	319.78668595	155.256285124	143.11972314	4526.5782562	654.289768595	406.236838843	300.529400826	511.984429752	339.750719008	256.300892562	11924.9423595
('Vorinostat_0.01_24hr', 'drug: Vorinostat', 'time: 24', 'dosage: 0.01')	955.585969352	297.446464974	154.896119965	273.653588441	499.227422067	134.365370403	580.087261821	421.486619965	211.813059545	156.690740806	276.172837128	144.055676007	143.183929072	3152.87238354	319.51178021	377.959754816	218.204530648	294.324310858	441.244595447	257.204415061	6823.37425744
('Vorinostat_0.31623_24hr', 'drug: Vorinostat', 'time: 24', 'dosage: 0.31623')	974.625331858	305.341628319	162.293051991	308.676200221	464.206586283	133.214643805	618.676521018	377.314232301	226.345487832	156.322692478	314.93290708	145.255370575	143.29270354	2758.24107301	302.055565265	367.677793142	211.399915929	280.28306969	409.258112832	246.39345354	7373.71577434
('Dasatinib_0.031623_24hr', 'drug: Dasatinib', 'time: 24', 'dosage: 0.031623')	642.383171294	231.321585351	154.597949793	211.147818665	356.096955109	129.012447726	514.051868872	367.123998228	182.898027761	154.970639102	220.275161252	145.323732428	139.013316007	1557.62484584	296.877289427	301.180551683	193.145896633	235.60449557	260.251784406	194.665940343	4491.40391849
('Paclitaxel_0.031623_24hr', 'drug: Paclitaxel', 'time: 24', 'dosage: 0.031623')	436.378955214	191.843080882	222.207364973	169.168110294	238.346572861	127.614467246	377.236024733	401.01380615	201.910571524	153.832828209	169.555059492	145.382860294	139.200719251	1183.43026003	252.469282754	220.722041444	194.88233623	235.938383021	192.80573262	179.14146123	2429.37101537
('Paclitaxel_0.001_24hr', 'drug: Paclitaxel', 'time: 24', 'dosage: 0.001')	943.961392139	332.321112431	179.54066362	297.421184644	569.985314442	137.790595978	685.981722121	569.161675503	248.539747715	167.667988117	354.434469835	148.365048446	146.555161792	4141.27759598	354.941716636	374.385972578	253.715005484	374.18423766	479.680031993	322.603230347	9014.0842011
('Dasatinib_0.1_48hr', 'drug: Dasatinib', 'time: 48', 'dosage: 0.1')	4744.80424964	1251.56852993	323.090664234	1835.19834745	2804.56455328	231.711367883	2837.75050511	1413.35393577	554.125970803	1198.74242774	573.403376642	353.128210219	209.157629197	5658.08934161	735.979766423	406.047353285	543.954249635	1793.22206423	863.011865693	2960.95034599	5404.32148321
('Neratinib_0.01_48hr', 'drug: Neratinib', 'time: 48', 'dosage: 0.01')	5581.2270031	1894.10681921	363.401173554	984.861238636	1530.98078822	186.898783058	1339.20223347	1156.44329545	508.284279959	461.593251033	376.716992769	300.765438017	180.952028926	3360.34177273	385.06523657	341.346355372	461.119767562	2408.7806064	497.375666322	2347.2152376	3228.56554339
('Dasatinib_1_48hr', 'drug: Dasatinib', 'time: 48', 'dosage: 1')	6342.46821726	633.594779762	211.450517857	1564.15238988	2932.12119643	200.165794643	3446.50800893	1791.45747619	707.273059524	1865.81071429	446.045672619	265.411901786	194.338994048	6950.4343631	1146.4778869	469.170625	623.953779762	1167.87091071	649.520860119	1977.16216369	5990.401875
('Etoposide_0.1_48hr', 'drug: Etoposide', 'time: 48', 'dosage: 0.1')	4576.46041438	1761.6577228	266.916245033	976.746948912	2029.88815232	216.507793756	1492.94564333	1390.51045979	858.752596973	427.90725544	555.762576159	357.586454115	206.449575213	4947.77426868	402.77243141	420.933666036	599.09182403	2837.50774551	784.037	3050.97518732	3569.4879158
('Paclitaxel_0.0001_48hr', 'drug: Paclitaxel', 'time: 48', 'dosage: 0.0001')	4969.7762845	1972.31118915	380.655867442	951.529182946	1902.55084806	203.133810078	1479.46312946	1049.40223023	518.189799225	388.656347287	457.627853488	316.753487597	195.450685271	5356.79475891	406.215653488	392.771608527	495.635465116	2474.34048915	733.489908527	2636.63786512	4227.34926512
('Alpelisib_1_48hr', 'drug: Alpelisib', 'time: 48', 'dosage: 1')	4373.45973399	1650.72079901	269.123228571	835.925055172	1475.71139507	243.81729064	1379.59734384	1021.52255468	485.53631133	368.354350739	373.011805911	281.434765517	182.39810936	4613.09702266	444.610246305	347.028476847	422.914838424	1876.45120887	502.993031527	2219.01889557	3580.50675862
('Neratinib_0.031623_48hr', 'drug: Neratinib', 'time: 48', 'dosage: 0.031623')	4733.60234273	1096.55954679	244.588418264	653.162315671	1038.84542165	164.955394589	1164.379	1206.45657835	378.220559188	366.844689966	240.093310034	267.108483653	165.804607666	3655.30004848	397.805400225	257.749579481	366.689311161	1148.07600113	322.795378805	1679.61500789	3269.84626381
('Alpelisib_3.1623_48hr', 'drug: Alpelisib', 'time: 48', 'dosage: 3.1623')	4476.19006463	1179.05572385	315.917054054	594.837839013	969.034774383	153.454445358	1289.56590129	1028.7150047	447.335893067	284.767232667	214.661663925	221.384074031	161.164537015	3618.38562045	484.851273796	301.865132785	378.180478261	1080.39040071	280.333971798	1189.43422209	3677.4547027
('Neratinib_0.001_48hr', 'drug: Neratinib', 'time: 48', 'dosage: 0.001')	3584.37819928	1675.49095108	285.795217986	678.566702158	1493.67605683	208.967456835	1232.42700072	960.537876259	410.280442446	318.792672662	400.819699281	282.372579137	193.380164748	4809.12948058	349.692414388	332.721118705	428.486266906	2164.55696691	624.634658993	2711.06547986	4984.34769424
('Trametinib_0.01_48hr', 'drug: Trametinib', 'time: 48', 'dosage: 0.01')	4252.26860531	273.662123031	172.503384843	1004.79189075	955.639313976	154.085175197	1062.80270177	1113.15787402	618.616440945	693.273545276	183.224793307	217.69432874	168.474784449	3630.49896654	387.614292323	197.627675197	269.225932087	552.788090551	250.447211614	1265.2366565	5061.96068898
('Alpelisib_0.31623_48hr', 'drug: Alpelisib', 'time: 48', 'dosage: 0.31623')	4128.15066396	1680.59647658	321.79282973	735.872971171	1061.85174505	192.295201802	811.036836937	1169.72712613	477.164455856	286.155015315	298.739663063	229.483641441	187.078892793	4826.04293514	378.380572973	350.046296396	410.872140541	1914.02366486	484.398909009	2036.78248018	6271.40018649
('Vorinostat_0.1_48hr', 'drug: Vorinostat', 'time: 48', 'dosage: 0.1')	3491.09375789	1709.45704561	314.12485614	611.722842105	1170.01966667	200.178731579	975.012926316	977.440530702	502.291194737	283.056387719	392.821398246	239.79707807	198.036662281	5254.18191228	350.400849123	379.028483333	432.265505263	2030.38284035	633.740990351	2145.09718596	7058.16238246
('Trametinib_0.0003_48hr', 'drug: Trametinib', 'time: 48', 'dosage: 0.0003')	3850.31889482	1377.03930649	272.776824158	568.820230896	935.122778965	172.693069844	962.582800329	1352.20986853	514.956585045	255.671291701	277.237599836	201.93821857	180.854433032	3854.76322186	337.933974528	263.677573541	414.105340181	2113.60244618	412.03846097	1859.79619063	5540.10261134
('Trametinib_0.001_48hr', 'drug: Trametinib', 'time: 48', 'dosage: 0.001')	2432.37324036	948.763135357	263.332739951	525.420355209	1103.05059721	207.772223954	908.068200164	1237.25470632	424.493959803	304.090599672	299.095488105	221.456399508	205.967701395	4067.04202051	365.805865463	214.224315012	371.726064807	1470.60122067	450.218679245	2348.25858573	5656.82841756
('Palbociclib_3.1623_48hr', 'drug: Palbociclib', 'time: 48', 'dosage: 3.1623')	4223.64737273	328.248707955	156.414327273	912.585376136	1541.93941705	200.319731818	1065.51680114	943.468515909	654.449127273	327.345379545	411.749801136	194.220917045	273.955856818	5351.97395568	422.490319318	437.810177273	763.050222727	622.190305682	641.5759625	1411.32977045	5896.03605455
('Trametinib_0.0031623_48hr', 'drug: Trametinib', 'time: 48', 'dosage: 0.0031623')	4360.63355161	697.124585448	201.561430626	760.008758037	1010.07214129	179.317141286	950.916854484	1454.85847377	576.618560068	423.470539763	208.068453469	209.037538917	197.670467851	4693.55112014	382.53336379	201.391101523	372.530957699	1007.18159052	309.435265651	1913.53306514	5273.37135533
('Etoposide_0.01_48hr', 'drug: Etoposide', 'time: 48', 'dosage: 0.01')	1512.0695163	899.381619565	278.643170031	513.245766304	1496.07201553	224.801845497	1212.22884472	668.502634317	344.764417702	321.845538043	566.742214286	234.040637422	196.800906832	5154.26631056	342.890254658	377.36526941	420.040101708	1418.70991304	835.35965528	1995.87556366	6665.00389907
('Palbociclib_0.031623_48hr', 'drug: Palbociclib', 'time: 48', 'dosage: 0.031623')	4253.20334352	1725.30841194	297.109386463	703.350517467	1438.45414629	204.508557496	1138.15440247	1097.54907132	518.166794032	288.127988355	385.950409025	247.668122999	200.447212518	5567.73318122	359.617961426	357.062128821	483.993516739	2903.97447089	615.785309316	2606.81316885	5833.77592576
('DMSO_0_48hr', 'drug: DMSO', 'time: 48', 'dosage: 0')	3559.69583657	1436.84968218	336.288953251	648.203781379	1016.74458653	193.768010214	803.813362797	1103.07466372	454.378906895	271.479045767	366.95606541	199.144931841	184.143638381	5027.64192654	347.600084659	386.56905657	409.50996209	1900.93113475	544.366131801	1695.46687331	7433.99777706
('Etoposide_1_48hr', 'drug: Etoposide', 'time: 48', 'dosage: 1')	1697.93745827	951.301792144	175.737736498	1100.81231097	2198.22106383	266.509189853	1477.92101637	1189.20459411	1242.90883797	513.533518822	548.113468085	604.329206219	217.111173486	7369.78776923	439.29512766	461.292692308	633.361399345	1006.22381997	904.690672668	2625.73897218	8116.75014566
('Alpelisib_0.031623_48hr', 'drug: Alpelisib', 'time: 48', 'dosage: 0.031623')	3954.66936707	1803.85023373	337.624702811	685.31762008	1143.16570442	203.577314056	812.063738153	1153.42436867	467.949518876	296.352695582	375.19826747	218.331283534	195.070412048	5270.14278795	360.459084337	368.812401606	430.111313253	2417.51177189	598.309945382	2272.72219438	6484.71200402
('Vorinostat_0.031623_48hr', 'drug: Vorinostat', 'time: 48', 'dosage: 0.031623')	2447.56979349	1422.44567927	320.25226702	515.838133888	1293.6089584	216.46765885	875.508488654	913.048380484	386.013894856	265.735923601	486.384054463	220.775091528	200.277791982	5365.19322617	324.337449319	399.580950076	397.658591528	2094.40088048	820.600870651	2510.59887141	7012.66533585
('Trametinib_0.31623_48hr', 'drug: Trametinib', 'time: 48', 'dosage: 0.31623')	4028.67324886	149.043361896	146.842621696	644.409214221	722.010212397	147.202804923	673.45319052	1078.76090337	582.755326345	521.447311759	160.724507748	162.548752051	172.043023701	3539.98313491	410.128238833	174.571295351	202.203730173	528.51152051	216.640786691	992.182499544	5586.81638377
('Neratinib_0.31623_48hr', 'drug: Neratinib', 'time: 48', 'dosage: 0.31623')	2107.72613535	156.595180089	153.021428412	466.927294183	692.065957494	145.193542506	794.891548098	871.99708613	333.471055928	466.962459732	172.103219239	166.84016443	153.825530201	4206.5305481	586.07217226	192.00386689	206.839588367	508.503139821	200.512616331	695.412923937	8064.71040268
('Dasatinib_3.1623_48hr', 'drug: Dasatinib', 'time: 48', 'dosage: 3.1623')	1615.06766402	210.443867725	207.436367725	625.882214286	2230.27191534	215.211166667	2347.28335185	959.916407407	384.583732804	1320.68658995	225.584698413	186.653018519	215.934291005	10415.949119	880.915574074	355.66718254	390.491941799	499.151238095	406.546092593	1529.93467725	14980.3227831
('Palbociclib_10_48hr', 'drug: Palbociclib', 'time: 48', 'dosage: 10')	3723.1060251	245.625052124	155.287869691	811.878988417	1199.46877317	205.889742278	817.651562741	855.963662162	446.117449807	266.862720077	341.992261583	164.923470077	267.834305019	5997.63216892	410.111295367	429.564124517	590.46511583	564.346521236	565.870621622	1166.57430212	8316.74329923
('Palbociclib_0.1_48hr', 'drug: Palbociclib', 'time: 48', 'dosage: 0.1')	3208.85231663	1109.74322846	200.803154309	720.908749499	1177.68207916	207.629018036	865.740165331	1036.60551102	639.557314629	271.920603206	409.704221443	197.749217435	257.837933868	5363.71101804	374.311503006	410.230057114	655.742310621	1047.74375952	619.714008016	1851.12792285	8362.15555311
('Paclitaxel_0.0031623_48hr', 'drug: Paclitaxel', 'time: 48', 'dosage: 0.0031623')	3846.4600819	987.043168103	443.248483836	689.034087284	1095.9991681	177.401731681	1089.87947737	3136.68753341	1131.47389547	295.318506466	333.911793103	214.507105603	195.990270474	5938.10308082	442.337825431	380.197241379	462.092186422	1487.71176832	534.504440733	1678.66528556	8689.05918534
('Etoposide_0.031623_48hr', 'drug: Etoposide', 'time: 48', 'dosage: 0.031623')	3214.25587397	1506.54688219	293.178910274	642.769106849	989.098841096	210.22274589	819.430473288	1307.53358836	492.94580137	264.813255479	401.080668493	206.928084247	202.783689726	5510.68201301	343.236407534	353.901306164	439.046310274	2313.58945068	610.994692466	2169.30463767	8346.82498767
('Etoposide_3.1623_48hr', 'drug: Etoposide', 'time: 48', 'dosage: 3.1623')	3104.29263279	1969.55095738	164.582737705	783.980919672	1079.01323934	203.380372131	859.580481967	2715.28051639	2094.79082951	300.121921311	247.51477541	665.221121311	217.285668852	6260.19692459	424.065719672	443.877814754	514.039706557	1231.62604262	439.417595082	3081.73169672	9005.56261311
('Vorinostat_1_48hr', 'drug: Vorinostat', 'time: 48', 'dosage: 1')	3454.23680148	780.963910019	163.917172542	697.889226345	569.289168831	165.531710575	447.397857143	733.713998145	721.582956401	241.300947124	174.402658627	181.904442486	224.81756679	3374.64505288	278.222956401	243.302667904	386.182833952	521.485248609	242.491947124	1165.41442672	4313.46203247
('Alpelisib_0.01_48hr', 'drug: Alpelisib', 'time: 48', 'dosage: 0.01')	2644.77938739	1265.87312375	277.710911606	486.197740968	879.242319754	196.439279785	706.513946964	1059.08092698	394.242977709	240.878133743	293.961704842	180.244049193	186.844639508	5107.59581245	344.216943121	376.139454266	389.217608762	1572.96241583	520.034716372	1671.15658955	7888.46568486
('Alpelisib_10_48hr', 'drug: Alpelisib', 'time: 48', 'dosage: 10')	3584.22526805	571.473730853	180.294450766	591.014582057	570.813652079	150.611897155	640.04018709	1118.36846499	329.63483151	226.377761488	164.086814004	159.790207877	164.572440919	3644.88158315	587.534359956	263.411583151	273.597143326	576.190718818	211.343236324	723.458095186	6671.82691575
('Palbociclib_0.31623_48hr', 'drug: Palbociclib', 'time: 48', 'dosage: 0.31623')	4047.21054537	873.719175	198.081976852	723.663942593	953.280134259	195.032151852	594.524543519	1093.05300278	631.570727778	250.269905556	348.110189815	176.631919444	254.349844444	4985.63210185	357.701386111	398.234076852	614.658586111	964.9339	497.913888889	1385.34773333	7915.95207593
('Neratinib_0.0032_48hr', 'drug: Neratinib', 'time: 48', 'dosage: 0.0032')	1147.98895566	718.174695373	280.279485219	406.75172365	1170.20410026	231.223661954	838.066064267	646.488192159	291.625329692	259.464865039	574.725226221	182.371505784	192.330897815	5801.59592545	337.979443445	373.928972365	389.449273136	1179.15539332	818.607235219	1558.99639396	8736.80975578
('Vorinostat_3.1623_48hr', 'drug: Vorinostat', 'time: 48', 'dosage: 3.1623')	3837.25704936	365.499986052	165.080187768	837.729619099	616.203247854	152.240381974	483.599315451	653.830524678	1410.8990515	299.452579399	176.466335837	179.953740343	236.01295279	3719.22345172	310.362106223	227.533536481	337.496493562	611.260896996	220.072623391	1260.31972532	4824.45174034
('Dasatinib_0.31623_48hr', 'drug: Dasatinib', 'time: 48', 'dosage: 0.31623')	3181.32198015	629.178920611	246.467148092	734.410065649	1768.27715115	203.991726718	1331.9689313	1466.13036336	499.219201527	644.482764885	457.383741985	192.001641221	204.325746565	8108.1234229	846.828876336	430.103467176	473.287232061	1040.2330458	652.415635115	1654.41934504	11497.328574
('Dasatinib_0.01_48hr', 'drug: Dasatinib', 'time: 48', 'dosage: 0.01')	3105.9969002	1427.45985733	293.258687877	621.924068319	921.081448091	195.255269257	671.201989283	1225.25474883	422.466884126	264.413474213	373.281511721	187.289352981	189.435153382	5300.43796517	367.303975218	357.22399866	385.288872739	2134.19359812	528.617770261	1820.36885265	8145.42259411
('Paclitaxel_0.01_48hr', 'drug: Paclitaxel', 'time: 48', 'dosage: 0.01')	2275.87566308	651.318702509	1065.08933154	670.455831541	1605.81478674	197.16772043	1347.25374373	2459.08182975	910.663684588	383.088989247	615.252188172	362.163492832	194.775912186	8964.52956452	634.962480287	462.180605735	496.166989247	1599.03113441	914.095636201	1403.00685663	12623.7827384
('Palbociclib_0.01_48hr', 'drug: Palbociclib', 'time: 48', 'dosage: 0.01')	4082.38689576	1447.46887034	323.767054237	663.045340678	753.087931356	172.079135593	664.486377119	1171.65323051	461.707663559	243.687247458	232.391616949	190.593292373	176.375622034	5113.47402627	339.081427966	369.905666949	388.537344915	1218.67532712	401.483777119	1250.66175678	6858.49469068
('Neratinib_1_48hr', 'drug: Neratinib', 'time: 48', 'dosage: 1')	3674.7477203	175.104101485	166.793441832	527.837029703	470.974615099	135.977587871	541.057673267	1092.42498144	396.323039604	312.599418317	151.812690594	160.337111386	148.106951733	3543.1011151	577.063001238	212.977778465	202.157308168	333.060831683	187.634863861	401.987210396	7031.85906683
('Trametinib_0.1_48hr', 'drug: Trametinib', 'time: 48', 'dosage: 0.1')	4192.14599778	167.347313682	145.882520578	688.79946941	528.579932147	143.074670745	530.120156841	1019.42084427	536.402536151	376.008212458	154.259065628	154.098385984	161.468961068	3590.8613693	386.543378198	193.991612903	206.285963293	396.489755284	203.649088988	653.374737486	6383.1199188
('Vorinostat_10_48hr', 'drug: Vorinostat', 'time: 48', 'dosage: 10')	1234.0467945	159.566995658	148.196465991	403.664279305	607.430041968	137.380738061	508.627089725	441.161321274	1007.14445152	358.99093343	153.123735166	169.260489146	213.345596237	3495.99232706	345.524499276	213.138645441	239.246217077	317.179534009	191.326712012	1163.50652533	5885.58941534
('Alpelisib_0.1_48hr', 'drug: Alpelisib', 'time: 48', 'dosage: 0.1')	3754.92310263	1312.72058015	277.480201018	606.872598813	753.951225615	170.914803223	589.043121289	1097.29682358	426.498328244	231.371286684	268.341564037	166.591745547	170.077648855	4452.64315098	346.174107718	392.196147583	372.559072943	1653.99535623	399.268931298	1180.26204835	8090.12718405
('Etoposide_0.31623_48hr', 'drug: Etoposide', 'time: 48', 'dosage: 0.31623')	4016.25121414	1007.89406076	209.872328685	673.636701195	871.563385458	175.587349602	664.914786853	1833.66799602	990.498003984	232.504698207	335.074054781	185.091226096	188.937493028	5125.68203287	354.81564741	431.095907371	488.712755976	1631.20074602	461.951861554	1349.97621414	8299.16318028
('Trametinib_0.031623_48hr', 'drug: Trametinib', 'time: 48', 'dosage: 0.031623')	3490.00290028	159.78034188	143.119641026	591.07842925	445.709649573	137.346139601	489.941732194	1009.45855651	511.194518519	335.897498575	155.011541311	149.959649573	152.149753086	2657.12581766	350.187260209	191.596525166	200.069654321	369.444396961	188.363808167	470.443059829	5232.12040456
('Neratinib_0.1_48hr', 'drug: Neratinib', 'time: 48', 'dosage: 0.1')	3633.74902354	372.466451382	148.827009212	625.501389969	481.697339816	149.152126919	576.338051177	1184.29880246	329.565843398	265.480875128	153.350703173	155.658388946	158.39393347	3833.55164995	446.638386899	245.006949846	272.872421699	351.316368475	195.156096213	559.514084954	6746.14772671
('Paclitaxel_0.00032_48hr', 'drug: Paclitaxel', 'time: 48', 'dosage: 0.00032')	3221.60286792	1333.54867514	322.905794094	598.541027892	731.355938474	182.432470057	561.94021493	1156.35298195	442.983552092	233.50095242	331.163203445	168.334101723	175.547669401	5471.54302707	361.34933306	379.867056604	386.474114848	1745.33636669	464.371498769	1301.00286136	7809.64324118
('Etoposide_10_48hr', 'drug: Etoposide', 'time: 48', 'dosage: 10')	3515.9397	787.046819565	151.889471739	708.522536957	508.682334783	144.999843478	616.41225	3184.8740413	2067.23647174	229.25928913	175.17098913	432.523258696	160.482056522	3948.00871087	385.085765217	416.218586957	377.380728261	373.342636957	241.298558696	785.979504348	5829.91775
('Palbociclib_1_48hr', 'drug: Palbociclib', 'time: 48', 'dosage: 1')	3687.40835655	518.454814763	157.581862117	685.378147632	748.634428969	166.443366295	529.651811978	969.266154596	602.164066852	238.585097493	242.422961003	155.33579805	203.254231198	4808.94434262	366.515586351	398.755458217	546.546930362	442.857600279	364.654247911	701.489562674	6677.2827312
('Dasatinib_10_48hr', 'drug: Dasatinib', 'time: 48', 'dosage: 10')	3571.77801667	253.2124375	197.082833333	708.803866667	1070.04365	154.9885375	1431.82254583	1827.10404583	626.295775	1288.34245417	169.3854625	175.9725	159.123966667	7977.48044167	1330.91240417	384.571208333	317.17505	453.64525	277.282954167	669.275983333	14416.697825
('Paclitaxel_0.1_48hr', 'drug: Paclitaxel', 'time: 48', 'dosage: 0.1')	2784.70489256	697.870119835	2263.17394628	425.29522314	639.781698347	150.023904959	1269.48240496	2501.18437603	676.539818182	288.418768595	297.382264463	203.017991736	150.647198347	5522.82550413	746.982347107	433.21372314	428.871871901	1090.20910331	339.677900826	395.995384298	13101.9586488
('Vorinostat_0.01_48hr', 'drug: Vorinostat', 'time: 48', 'dosage: 0.01')	4077.25035814	1167.11628897	245.387922942	599.965180385	678.366741681	158.605184764	500.283164623	1117.83180911	428.717414186	214.269825744	220.980827496	160.281051664	163.785301226	4194.17141506	342.612400175	390.221841506	338.452185639	1078.89681261	346.63024606	849.935650613	6664.71654116
('Vorinostat_0.31623_48hr', 'drug: Vorinostat', 'time: 48', 'dosage: 0.31623')	4030.3156969	1194.21794137	381.318634956	665.086941372	586.794389381	154.819701327	484.133884956	952.755456858	517.778556416	211.991543142	224.431642699	164.333785398	166.004077434	3582.43226217	321.137235619	355.99281969	344.846016593	1138.25119027	300.298212389	814.785665929	6483.15633518
('Dasatinib_0.031623_48hr', 'drug: Dasatinib', 'time: 48', 'dosage: 0.031623')	2129.99284584	653.437314826	221.822390431	339.279405789	392.951812758	137.369222682	412.121965741	818.702943296	284.347645009	193.409871234	183.066266982	150.525744832	145.635390431	1817.60975901	299.854480803	287.971272298	253.128112817	598.851819846	221.287222091	395.363841701	3861.02898878
('Paclitaxel_0.031623_48hr', 'drug: Paclitaxel', 'time: 48', 'dosage: 0.031623')	697.540563503	247.303032754	488.016337567	213.81365107	256.492045455	131.388741979	388.318879011	626.612084225	268.496564171	168.986706551	168.063322861	158.741156417	142.428000668	1396.80076537	271.355800134	226.356411096	220.403694519	356.33495254	193.222863636	214.268569519	2593.18165775
('Paclitaxel_0.001_48hr', 'drug: Paclitaxel', 'time: 48', 'dosage: 0.001')	3470.45865631	1199.85849177	402.241665448	647.79341042	710.474091408	167.564300731	572.339284278	1561.52868647	534.080205667	243.63645064	265.974814442	170.95842596	167.20914808	4891.86980165	369.434492687	364.885178245	383.165187386	1397.79622761	367.180582267	1094.49135101	8240.84589488
('Dasatinib_0.1_72hr', 'drug: Dasatinib', 'time: 72', 'dosage: 0.1')	1301.72836545	317.677666667	168.002963636	347.966528485	1308.94909697	140.941049697	2426.21867758	722.824032727	211.919489091	205.993027273	554.494550303	153.632491515	151.281382424	6018.92899879	690.404584242	424.853399394	273.083871515	514.692395152	665.785386667	514.059329091	7507.68679515
('Neratinib_0.01_72hr', 'drug: Neratinib', 'time: 72', 'dosage: 0.01')	691.041902343	310.799961667	145.470643748	190.774553088	756.161973836	133.447660176	905.259753879	477.851512321	172.85422665	154.568999087	1354.14588804	147.503674779	145.199284758	2132.97450958	342.0841655	360.236504716	206.285335564	548.207808336	1160.62524764	587.917661089	3983.3679279
('Dasatinib_1_72hr', 'drug: Dasatinib', 'time: 72', 'dosage: 1')	938.283438472	222.895906648	160.624633663	209.204057992	1536.09754173	137.425896747	4180.98891513	1152.97739887	179.389743989	242.662579915	355.834151344	152.578161245	147.640618105	5955.01158133	1041.14240453	486.879097595	280.851056577	374.925978784	450.164958982	478.817289958	10848.0470594
('Etoposide_0.1_72hr', 'drug: Etoposide', 'time: 72', 'dosage: 0.1')	572.200244479	209.073598605	136.031990314	175.120481209	644.727855095	128.442616428	1288.95576676	607.95376482	192.313390159	151.342140643	412.001206509	146.873839597	144.073846959	1675.70997288	371.693555211	502.288588144	230.579773731	360.27678458	464.009297172	416.662369237	4722.28498024
('Paclitaxel_0.0001_72hr', 'drug: Paclitaxel', 'time: 72', 'dosage: 0.0001')	662.987441014	295.753413727	143.738405733	193.702688258	725.968859702	131.292979327	881.578738975	533.150374862	176.066240628	153.7510543	804.089361632	147.838477674	145.29167172	1845.01623649	334.828722712	388.306983738	206.88399366	521.539474642	671.813655458	515.193228501	4647.40686521
('Alpelisib_1_72hr', 'drug: Alpelisib', 'time: 72', 'dosage: 1')	702.04827402	301.024596464	147.796690623	231.317071099	750.627162952	133.365583782	1021.87489969	492.499253267	178.298031514	155.225818985	1052.0053751	147.173810146	147.585460799	2782.22635742	349.094094543	365.71519485	211.005126057	553.215284781	945.055796695	494.645637971	5621.61537548
('Neratinib_0.031623_72hr', 'drug: Neratinib', 'time: 72', 'dosage: 0.031623')	830.973618443	318.241021574	153.233996616	235.366603638	632.836514805	132.413457276	966.500081218	515.784388748	179.756143824	160.65715313	532.559864213	147.514433587	147.95098731	2836.50403384	374.807589255	271.262428511	202.460572335	515.823614213	664.131055838	517.149721235	5059.7208511
('Alpelisib_3.1623_72hr', 'drug: Alpelisib', 'time: 72', 'dosage: 3.1623')	825.059982632	307.118732105	149.540005263	273.767152632	630.79864	132.047749474	1166.37047737	419.691709474	182.952484737	161.064472632	284.333644211	147.71536	148.311847368	3448.37759158	349.532999474	323.997396316	209.628611579	345.445307895	447.235878947	391.303378421	6281.83578053
('Neratinib_0.001_72hr', 'drug: Neratinib', 'time: 72', 'dosage: 0.001')	668.293542587	305.181358307	148.982479232	232.136280231	649.837907729	133.992217403	811.438149054	407.142067298	194.630708465	158.068642744	644.709293901	147.273676393	149.179251052	3186.60285068	312.420431651	292.870599895	210.595396425	529.564401682	862.788557045	516.38944164	5377.75676682
('Trametinib_0.01_72hr', 'drug: Trametinib', 'time: 72', 'dosage: 0.01')	794.499276199	175.870720249	143.794478686	300.009325933	581.320357904	129.747499112	1600.7177238	432.965211368	185.785689165	170.919393428	161.979490231	149.314022202	144.722345471	4731.8887984	720.44730373	213.268129663	205.269234458	204.972976909	224.814473357	248.614261989	8889.19476199
('Alpelisib_0.31623_72hr', 'drug: Alpelisib', 'time: 72', 'dosage: 0.31623')	655.940078838	295.816924126	148.369361292	220.530294309	581.247405157	132.712887078	769.225699467	439.747448429	184.19937048	154.661281269	761.674054238	146.899686129	146.738449318	2917.85472792	309.220224066	305.522898637	205.878438945	529.104390634	782.908179312	482.509692057	5914.9928687
('Vorinostat_0.1_72hr', 'drug: Vorinostat', 'time: 72', 'dosage: 0.1')	579.790662331	295.760511604	148.47072354	195.339457791	553.720930375	130.777052793	711.94562331	441.861389697	180.974515175	152.600705687	1046.91471512	148.329503443	145.472363683	1920.02812446	305.212141035	338.69044606	201.626465698	518.064889314	992.812516195	455.20792808	5337.68455267
('Trametinib_0.0003_72hr', 'drug: Trametinib', 'time: 72', 'dosage: 0.0003')	648.684305499	261.873084006	143.721668012	187.895607719	419.481014379	126.018401867	756.844253532	581.704937437	171.065709384	150.044287588	315.465666246	145.648732089	141.893385974	1153.45091423	309.17170106	286.140957619	192.133753532	472.286037841	337.373262614	396.088875883	4346.15414859
('Trametinib_0.001_72hr', 'drug: Trametinib', 'time: 72', 'dosage: 0.001')	649.536287689	245.023154049	144.873899605	181.020811718	482.998422317	126.717555629	811.57411027	646.403323239	172.121019092	153.190155695	583.915234365	144.703658328	142.540328835	1430.61617512	421.558623107	250.07694898	196.433956221	458.333263002	487.335643515	419.053870968	5359.00601119
('Palbociclib_3.1623_72hr', 'drug: Palbociclib', 'time: 72', 'dosage: 3.1623')	740.628500366	204.626822238	142.151128018	273.536795172	1004.89627725	136.120714704	1071.61506803	684.623537674	202.711835406	161.091380395	1528.77646672	148.268637893	156.674082663	3265.50654718	453.330885881	603.159174104	323.286405267	396.933106072	1241.66709876	350.300469642	7819.44686247
('Trametinib_0.0031623_72hr', 'drug: Trametinib', 'time: 72', 'dosage: 0.0031623')	729.378020227	226.277562407	149.954581154	230.442374445	600.345975333	129.503561914	1080.55087913	613.386310804	186.692695116	167.14027035	423.752884065	146.726373952	145.270842131	2468.72709028	625.587125802	219.106603355	209.70923039	453.746808584	382.772776517	398.863411445	7316.62672669
('Etoposide_0.01_72hr', 'drug: Etoposide', 'time: 72', 'dosage: 0.01')	614.82838633	292.966301387	146.84511268	217.636468549	644.645007677	133.485540862	667.307150817	454.698694403	198.020520307	154.975168648	1030.13046682	147.644741704	148.535395245	2304.18774517	304.136446261	302.504602031	206.87537048	579.188904408	893.03019366	540.023307826	5453.03913522
('Palbociclib_0.031623_72hr', 'drug: Palbociclib', 'time: 72', 'dosage: 0.031623')	673.557510209	313.950361758	146.922647129	233.280623108	641.325475378	133.24790944	799.841280327	425.78153399	194.985861398	157.196028825	546.305990392	148.708558251	148.828793899	2506.35980735	305.681562095	289.020312755	206.026663224	513.239616382	734.42775042	541.99762503	5495.52972688
('DMSO_0_72hr', 'drug: DMSO', 'time: 72', 'dosage: 0')	609.747292858	271.619316348	147.536588385	215.300221794	497.020842389	129.122665678	554.526484103	388.714060565	186.931957053	152.539412504	525.897132341	146.278994424	144.822192668	2250.74261603	276.225407878	279.960670542	195.16351305	467.041646459	607.359451002	407.515290485	5792.09783842
('Etoposide_1_72hr', 'drug: Etoposide', 'time: 72', 'dosage: 1')	822.199045134	246.129724965	146.946929478	362.010382228	1020.64318759	144.274751763	1091.19788011	736.491791255	605.478682652	178.071331453	540.145397743	203.27306488	163.819954866	4519.27799859	472.516473907	447.66451622	318.743339915	341.377379408	757.95332158	760.166081805	8191.33679972
('Alpelisib_0.031623_72hr', 'drug: Alpelisib', 'time: 72', 'dosage: 0.031623')	610.521300394	299.548412433	151.761102064	221.733742055	541.862656692	132.62263396	633.829216655	443.700336813	187.723770355	155.384024124	703.64426096	148.986204593	147.764380886	2667.06691719	297.138928091	291.329162607	202.620871955	518.638543261	820.973355834	511.546314312	5494.74000835
('Vorinostat_0.031623_72hr', 'drug: Vorinostat', 'time: 72', 'dosage: 0.031623')	621.386106627	307.067872506	154.213555607	209.176326989	512.89669296	129.285581289	621.842561568	489.677968356	183.079135061	152.038972483	570.136172667	146.569727356	145.236434075	1732.26334717	291.644157303	317.263091493	200.09230704	536.0596831	578.12363701	451.532770465	5460.33139853
('Trametinib_0.31623_72hr', 'drug: Trametinib', 'time: 72', 'dosage: 0.31623')	584.529636168	150.192977395	140.593405813	199.513717976	468.981972013	128.408145318	1164.05134769	653.052426265	172.661680301	172.971497309	160.69547901	147.840002153	144.214902045	2858.47236814	910.992130248	226.108517761	199.157151776	185.46431324	201.047724435	185.413749193	10088.7931389
('Neratinib_0.31623_72hr', 'drug: Neratinib', 'time: 72', 'dosage: 0.31623')	819.305570675	152.614843882	161.595451477	224.881547468	552.858783755	129.36114346	1413.88780274	721.04139346	172.375705696	204.447867089	155.860666667	149.351018987	143.81371519	3619.9557616	659.230322785	228.576489451	201.021268987	194.942299578	196.540555907	203.032478903	10639.2986466
('Dasatinib_3.1623_72hr', 'drug: Dasatinib', 'time: 72', 'dosage: 3.1623')	966.095237467	209.927263852	179.034282322	251.05844591	1982.3448285	166.999327177	2732.59851979	1178.83208179	204.096274406	297.582730871	300.602683377	175.567329815	160.174918206	9349.97626121	1042.02178364	374.796472296	302.843693931	273.326411609	506.721670185	358.742601583	21153.1593456
('Palbociclib_10_72hr', 'drug: Palbociclib', 'time: 72', 'dosage: 10')	660.658979561	186.475322483	141.654900833	267.737560182	923.771741862	135.990178653	940.209496593	559.181048448	194.890538229	159.424173354	1419.84857381	149.185106737	157.196401211	3499.94871007	468.301420893	579.698822104	321.638677517	340.416218017	1237.22511961	313.137922029	9347.05473656
('Palbociclib_0.1_72hr', 'drug: Palbociclib', 'time: 72', 'dosage: 0.1')	699.85094531	268.52088474	143.294423993	245.129461629	574.011739194	130.666269039	633.395301088	476.410642752	194.363967657	154.508946192	778.22577389	147.540111732	147.041990591	2150.95104381	312.166859159	341.877687445	224.859961188	501.175359012	670.050709203	387.570005881	6544.55054455
('Paclitaxel_0.0031623_72hr', 'drug: Paclitaxel', 'time: 72', 'dosage: 0.0031623')	1016.51095131	178.267313796	144.274010821	323.77223174	800.796356177	130.681021641	1159.10942741	1086.17340667	438.315843102	179.184423805	480.102614968	155.811574391	150.920387737	3770.64700271	506.507182146	419.063508566	248.983783589	332.630727683	554.70157349	352.838635708	9460.15969432
('Etoposide_0.031623_72hr', 'drug: Etoposide', 'time: 72', 'dosage: 0.031623')	589.409284962	256.830973137	143.838664209	217.457510666	550.51354227	132.021678957	584.564929155	418.978084014	210.607719779	153.04659152	845.527147748	147.962779563	148.607355807	2519.98974954	287.454060047	298.425341322	211.612377403	510.178790361	956.527151699	452.178041875	5896.75783803
('Etoposide_3.1623_72hr', 'drug: Etoposide', 'time: 72', 'dosage: 3.1623')	765.812501761	269.850265845	142.014977113	295.336669014	621.77940669	133.917871479	1060.97993134	852.806047535	781.155908451	166.980734155	278.401109155	249.044985915	148.727478873	4160.29699648	411.471899648	417.960066901	250.039485915	303.779626761	386.135413732	619.206089789	9515.49627289
('Vorinostat_1_72hr', 'drug: Vorinostat', 'time: 72', 'dosage: 1')	830.502287693	236.489537027	145.317252531	288.381199254	413.820000533	128.2881561	667.326166755	346.751920618	232.466815131	156.298194992	246.264396377	148.400808205	148.667077251	2726.50095418	296.835829515	312.599687267	213.511786361	276.934506127	340.006549281	282.359013319	5945.45854715
('Alpelisib_0.01_72hr', 'drug: Alpelisib', 'time: 72', 'dosage: 0.01')	651.247107478	267.793310661	143.614642686	209.346947678	449.727692828	127.615354044	591.407141487	476.118775452	188.910647264	150.763487683	457.9144092	145.513879224	143.503596904	1687.7751308	283.453060606	313.380293002	200.034099411	480.368819054	423.858780467	356.879770438	6020.76606409
('Alpelisib_10_72hr', 'drug: Alpelisib', 'time: 72', 'dosage: 10')	805.817803069	206.44859335	139.756539642	231.89471185	449.572629156	126.650625746	851.206945439	519.628590793	169.506873828	151.678600171	242.879506394	145.735737425	142.784870418	2353.36023444	361.27527451	324.149387894	191.774294118	311.972726343	277.352079284	248.058393009	8121.80040409
('Palbociclib_0.31623_72hr', 'drug: Palbociclib', 'time: 72', 'dosage: 0.31623')	651.703155436	255.34987684	139.266294451	209.815761891	504.214992639	131.99210419	547.918259909	513.30980436	184.7768188	152.627721687	700.95716761	146.006086636	145.311089751	1663.98549179	304.244329841	360.46203624	221.860798414	470.094479898	508.645067667	341.121610702	6286.10885277
('Neratinib_0.0032_72hr', 'drug: Neratinib', 'time: 72', 'dosage: 0.0032')	582.062505012	254.852659985	147.914281804	192.556671357	461.325177525	127.662901311	456.300744603	498.086849846	179.99900559	152.898617772	893.001486315	145.644680416	143.480070933	1513.50934348	279.690415574	290.47438377	194.909855243	501.956876638	543.71325559	381.526335775	5413.88301908
('Vorinostat_3.1623_72hr', 'drug: Vorinostat', 'time: 72', 'dosage: 3.1623')	655.174141942	151.398370331	132.160318036	329.251271078	337.929805763	125.159350053	604.114139808	315.806893276	234.876566702	154.898076841	209.765740662	149.727715048	148.261007471	1815.36475027	294.380264674	241.461633938	191.243282818	172.298628602	236.037020277	202.675487727	5941.0744461
('Dasatinib_0.31623_72hr', 'drug: Dasatinib', 'time: 72', 'dosage: 0.31623')	1305.7671704	221.66159417	160.066302691	330.76853139	589.336272422	131.67078139	1952.91529596	875.582169283	219.150590807	220.278701794	227.167348655	151.565883408	144.577988789	3858.63975561	856.111461883	382.198243274	264.629654709	323.573206278	269.22338565	214.99976009	15295.1924664
('Dasatinib_0.01_72hr', 'drug: Dasatinib', 'time: 72', 'dosage: 0.01')	561.750408108	259.690653153	147.944577703	200.005362162	612.679724324	130.221113288	594.443370721	418.756802477	176.121645495	154.209448423	1166.72048041	146.917820045	144.514520946	2457.33006622	345.648251351	302.125623874	196.032601802	529.546128378	1102.90249505	437.463923423	6822.42579054
('Paclitaxel_0.01_72hr', 'drug: Paclitaxel', 'time: 72', 'dosage: 0.01')	1272.61576626	181.107319106	164.304077236	373.691052846	1075.97988008	139.458392276	1436.87263211	1521.97298984	470.781721545	202.736678862	480.89099187	165.979473577	156.918926829	7547.33138618	666.514961382	467.26204878	291.738189024	323.58971748	727.041402439	411.160026423	14287.7632114
('Palbociclib_0.01_72hr', 'drug: Palbociclib', 'time: 72', 'dosage: 0.01')	647.979138295	271.706811783	146.586369238	216.456830447	433.91192152	128.108642231	539.255229593	394.100120306	183.126331909	153.299927367	402.50338228	145.115350124	144.400816506	2349.19259996	268.126062514	288.348539915	191.521510007	429.574557005	553.730333933	374.599541039	5336.3852523
('Neratinib_1_72hr', 'drug: Neratinib', 'time: 72', 'dosage: 1')	735.883480427	148.384807829	137.569215896	216.021766311	413.030506524	126.155580071	1051.47315065	459.04545433	171.127126928	165.999806643	148.512556346	148.122626335	142.201995255	2919.8007497	543.331599051	208.782798339	185.828153025	177.488391459	179.697997628	171.167488731	10300.2218161
('Trametinib_0.1_72hr', 'drug: Trametinib', 'time: 72', 'dosage: 0.1')	617.914251097	146.464826163	138.806761194	210.354215979	485.33280158	127.328397717	785.001968393	448.134933275	171.151253731	170.730825285	152.615296752	145.801825285	142.010949078	3144.26489289	815.924405619	205.833325724	190.815324846	178.610653205	191.370776119	174.241932397	9828.04854258
('Vorinostat_10_72hr', 'drug: Vorinostat', 'time: 72', 'dosage: 10')	720.061397631	141.739480541	137.383077834	301.637839255	440.294109983	126.119510998	794.528839255	368.242544839	236.566692047	163.957568528	149.748150592	150.751341794	145.762585448	2781.64218951	424.077446701	230.870055838	180.885480541	170.480516074	183.881565144	214.460020305	8977.65960406
('Alpelisib_0.1_72hr', 'drug: Alpelisib', 'time: 72', 'dosage: 0.1')	616.715859319	252.548443942	142.426300167	209.75693811	417.795838134	126.395997382	476.917757915	430.502547489	181.536067127	150.205591288	430.41100976	145.149874792	142.370344442	1642.8399324	277.389953106	297.763114973	192.557653892	447.372509403	408.761130921	307.256204237	5906.42726327
('Etoposide_0.31623_72hr', 'drug: Etoposide', 'time: 72', 'dosage: 0.31623')	779.807858581	181.675254152	142.187154504	287.755261701	551.891474082	128.937492199	644.328153498	591.224816306	330.062871666	155.253184197	385.479150478	148.032328636	148.365583291	2629.60722094	329.24237544	420.914050327	241.403341721	295.854111726	522.501039758	290.41389532	7519.61834776
('Trametinib_0.031623_72hr', 'drug: Trametinib', 'time: 72', 'dosage: 0.031623')	633.537214807	144.59355683	134.899493222	232.370890511	457.93541293	125.213915537	823.458173097	405.148551616	167.292039625	158.299437956	150.965811262	145.247562044	141.519038582	3027.55808655	716.831531804	197.579745568	179.56003024	173.859912409	180.402683003	164.844421272	9401.46478624
('Neratinib_0.1_72hr', 'drug: Neratinib', 'time: 72', 'dosage: 0.1')	818.340050065	193.241382315	143.146113784	233.840829649	398.482552666	124.298644343	920.048863459	461.823641743	166.407239922	152.687363459	162.020488947	145.157641743	142.297473992	2880.44159753	425.787841352	242.939675553	187.721527308	194.830280234	214.140453836	208.045268531	9150.83870806
('Paclitaxel_0.00032_72hr', 'drug: Paclitaxel', 'time: 72', 'dosage: 0.00032')	587.803963942	251.299912571	149.850798963	212.990633243	380.743563349	128.504599901	501.45652161	373.019870832	180.563437639	150.320382564	439.718421586	145.8022082	144.239814028	2506.72411262	265.794095579	267.025758706	193.597197333	375.381394171	571.551341813	349.775175105	5561.5649553
('Etoposide_10_72hr', 'drug: Etoposide', 'time: 72', 'dosage: 10')	738.419433761	153.200628205	136.421192308	319.10567735	394.818512821	134.637967949	1044.07379915	624.153792735	429.090519231	155.436252137	164.94867735	183.482386752	148.788258547	3213.89462821	342.058314103	473.730405983	222.785955128	182.289720085	215.991482906	223.653527778	8845.30382906
('Palbociclib_1_72hr', 'drug: Palbociclib', 'time: 72', 'dosage: 1')	970.575621058	244.573911277	150.779970069	285.918697488	539.548851416	129.51458899	663.714960449	426.049210583	205.767197755	156.577477285	323.884047034	146.895529663	146.871985569	2865.2080759	318.450689471	415.256349011	238.778062533	317.484061999	447.095734901	248.968863175	7831.34026296
('Dasatinib_10_72hr', 'drug: Dasatinib', 'time: 72', 'dosage: 10')	1299.59243478	152.535608696	141.996586957	328.575858696	263.181119565	127.216619565	1974.3351413	636.005445652	180.332445652	194.59626087	148.027695652	161.49001087	146.850173913	2414.89653261	700.367815217	218.733804348	195.711282609	173.56301087	175.154956522	154.719902174	12482.4463587
('Paclitaxel_0.1_72hr', 'drug: Paclitaxel', 'time: 72', 'dosage: 0.1')	1546.42820833	216.664552083	194.273135417	377.485885417	699.784645833	129.985708333	2088.23070833	1556.99258333	347.25671875	172.616854167	332.216177083	151.621760417	144.316979167	4743.96278125	683.223114583	438.512645833	243.693	250.422822917	361.95878125	190.886239583	16776.6792187
('Vorinostat_0.01_72hr', 'drug: Vorinostat', 'time: 72', 'dosage: 0.01')	662.713369876	244.002999762	148.410712583	211.344851287	398.98563918	126.194143708	458.095135367	380.61968184	176.545826501	150.175418255	293.102686845	145.302988322	142.697363441	1873.14638132	259.752670877	285.056541468	187.642294566	372.920259771	395.509596759	285.761929218	5601.83603789
('Vorinostat_0.31623_72hr', 'drug: Vorinostat', 'time: 72', 'dosage: 0.31623')	648.83016978	253.567427285	144.594832555	224.775508339	373.870911608	125.743222482	447.537884256	308.374680787	192.310751167	151.409175117	306.640876584	147.088375584	143.175231154	1981.25271348	258.338559039	296.908608406	192.436162775	336.571220147	395.246001001	266.324655437	5705.85892262
('Dasatinib_0.031623_72hr', 'drug: Dasatinib', 'time: 72', 'dosage: 0.031623')	812.317229805	237.028334652	154.929459611	246.115567095	511.526961754	125.208444444	853.750819651	426.077237059	176.428548961	153.08195516	194.114820969	146.172698648	141.715128915	2694.36482295	380.916519618	323.072150016	189.607865809	241.130032971	289.362782723	228.589265743	9088.12815562
('Paclitaxel_0.031623_72hr', 'drug: Paclitaxel', 'time: 72', 'dosage: 0.031623')	1496.17590419	182.854928144	190.61908982	399.227784431	744.199976048	149.542550898	1698.30650299	1586.79834731	361.868281437	177.90760479	300.802383234	152.603245509	161.855233533	6177.5109521	594.464958084	442.676778443	249.165814371	242.611017964	397.127149701	240.251095808	15360.0333114
('Paclitaxel_0.001_72hr', 'drug: Paclitaxel', 'time: 72', 'dosage: 0.001')	649.02064077	213.11163855	149.164710322	232.201006289	424.876392527	128.152323344	582.392892712	532.19409138	240.186243063	151.776924898	342.630263041	147.972848317	144.297832038	2882.49015575	299.233945986	293.684992231	205.917376249	326.629498705	486.189015908	312.151145394	7049.29419053
