	('Cy3_0001', 'location: cyt')	('Cy3_0002', 'location: cyt')	('Cy3_0003', 'location: cyt')	('Cy3_0004', 'location: cyt')	('Cy3_0005', 'location: cyt')	('Cy3_0006', 'location: cyt')	('Cy3_0007', 'location: cyt')	('Cy5_0001', 'location: cyt')	('Cy5_0002', 'location: cyt')	('Cy5_0003', 'location: cyt')	('Cy5_0004', 'location: cyt')	('Cy5_0005', 'location: cyt')	('Cy5_0006', 'location: cyt')	('Cy5_0007', 'location: cyt')	('FITC_0001', 'location: cyt')	('FITC_0002', 'location: cyt')	('FITC_0003', 'location: cyt')	('FITC_0004', 'location: cyt')	('FITC_0005', 'location: cyt')	('FITC_0006', 'location: cyt')	('FITC_0007', 'location: cyt')
('Dasatinib+0.1+24hr', 'drug: Dasatinib', 'time: 24', 'dosage: 0.1')	0.0657463931231	-0.135039330509	0.0350844848407	1.15389830457	3.14087701992	0.235718529956	3.13762464113	0.0364209208289	-0.0926618341279	0.928990133985	0.510284773191	0.120165006375	0.110014631688	0.666297513535	1.40547510516	0.362565621835	0.428728735126	-0.121884239087	0.90313702997	0.193451259504	-0.272514461633
('Neratinib+0.01+24hr', 'drug: Neratinib', 'time: 24', 'dosage: 0.01')	-0.034542023941	-0.0689234620734	-0.0259926299105	0.142035839712	0.91855614693	-0.054858252138	1.0202388866	-0.292148965601	-0.173128442304	-0.0128688984323	0.131543777547	0.00853792748626	-0.155001779712	-0.273465834137	-0.0196713373572	0.064010589149	-0.0780489377516	-0.177380601899	0.224808508643	-0.198024010288	-0.821241485208
('Dasatinib+1+24hr', 'drug: Dasatinib', 'time: 24', 'dosage: 1')	0.500755420838	-0.319091296232	0.00257350437057	1.20511987814	3.4605785695	0.28499169636	3.75441653875	0.415209204527	0.049909610965	2.16730093815	0.00843699340167	0.0460566555415	0.0951404871347	1.02357145307	2.69361533795	0.691196144591	0.672444623709	-0.201167117052	0.19349556047	0.105689796913	-0.221738547937
('Etoposide+0.1+24hr', 'drug: Etoposide', 'time: 24', 'dosage: 0.1')	-0.231456452907	-0.239560390051	-0.0479359766664	-0.0210811526627	1.33820009428	0.004423004017	1.00662797076	-0.273605632195	-0.0312693110728	-0.0745764089123	0.694828344192	-0.007348307298	-0.0964903496005	0.0913691479763	0.0160811435957	0.497319630304	0.0564029874583	-0.175116174781	0.928282960934	-0.145953528252	-0.82231160021
('Paclitaxel+0.0001+24hr', 'drug: Paclitaxel', 'time: 24', 'dosage: 0.0001')	-0.170121130755	-0.0928576889338	-0.0164085213238	0.0431225849126	1.14612413475	0.00896624841832	0.981093425945	-0.34038004999	-0.173917662953	-0.0844383291958	0.216087773506	-0.0193376112682	-0.0807007273624	0.258508862587	0.0393047349751	0.306163483073	0.0241886397767	-0.182283253385	0.675318782562	-0.155759006877	-0.674084625978
('Alpelisib+1+24hr', 'drug: Alpelisib', 'time: 24', 'dosage: 1')	-0.181028343414	-0.151376191349	-0.0516940133887	-0.00718534402506	0.852724879395	0.271433531035	0.949792033738	-0.322907073977	-0.17104778106	-0.0907542579064	0.0553467505833	-0.0367347958372	-0.164898517528	0.124188588975	0.00366239083059	0.115426355653	-0.109133310708	-0.276470526742	0.195641552395	-0.183261279078	-0.766165343436
('Neratinib+0.031623+24hr', 'drug: Neratinib', 'time: 24', 'dosage: 0.031623')	-0.175966494323	-0.316707509542	-0.0601447638692	-0.161652310153	0.479291705717	-0.0999775495224	0.944670119813	-0.287693868626	-0.247508815217	-0.0978724653533	-0.29558206523	-0.0664246480742	-0.240330545384	-0.0209101127405	0.122816797205	-0.333821751884	-0.247565426326	-0.379095842646	-0.21039246844	-0.320572261365	-0.70996922696
('Alpelisib+3.1623+24hr', 'drug: Alpelisib', 'time: 24', 'dosage: 3.1623')	-0.119333480055	-0.277531520532	-0.0578090738764	-0.184597137851	0.305795826943	-0.126373245834	0.999226928132	-0.331710332324	-0.20654212992	-0.171827875915	-0.438180263005	-0.111329855756	-0.256798152017	-0.142616726165	-0.0141805378197	-0.0659325018712	-0.250327058942	-0.388461509064	-0.409986465008	-0.385301888301	-0.644432199454
('Neratinib+0.001+24hr', 'drug: Neratinib', 'time: 24', 'dosage: 0.001')	-0.28159395788	-0.125241476267	-0.014341090078	-0.212974915545	0.640075389126	-0.0306891329927	0.669607373822	-0.355330660689	-0.210807621946	-0.139344580165	0.138160298326	-0.0566595724041	-0.128846184244	0.14757125393	-0.16573105705	-0.0343372963236	-0.116430935209	-0.22583783836	0.537768984051	-0.193040861967	-0.441276097086
('Trametinib+0.01+24hr', 'drug: Trametinib', 'time: 24', 'dosage: 0.01')	-0.233957890725	-0.491920225357	-0.0681772198878	0.175288795356	0.344708402635	-0.111071698675	0.830136521902	-0.327797303265	-0.138193436482	0.212336245164	-0.554765927696	-0.0748884953801	-0.270567949527	0.169803083576	0.242257748081	-0.791769948861	-0.330038250334	-0.468769383485	-0.503346862749	-0.343903586307	-0.0353877239334
('Alpelisib+0.31623+24hr', 'drug: Alpelisib', 'time: 24', 'dosage: 0.31623')	-0.285984443381	-0.169756447113	-0.0362786663929	-0.140006882183	0.140685389181	-0.0653734920567	0.0561675188587	-0.334749016599	-0.18983868385	-0.181294404623	-0.16399555306	-0.089028971735	-0.191971380975	0.216651873218	-0.161810223243	0.131493177017	-0.12552116179	-0.280573499652	0.19722316162	-0.303396063676	-0.0632587936863
('Vorinostat+0.1+24hr', 'drug: Vorinostat', 'time: 24', 'dosage: 0.1')	-0.375766704458	-0.215660584185	-0.0529391899401	-0.288312949456	0.286238574453	-0.063136789968	0.382629548104	-0.395765251169	-0.189197674032	-0.188528300948	0.230552724451	-0.0932721903235	-0.15615313445	0.293284143799	-0.103369377811	0.374669214273	-0.174447190954	-0.301182594764	0.68060379995	-0.310179263708	0.179540334173
('Trametinib+0.0003+24hr', 'drug: Trametinib', 'time: 24', 'dosage: 0.0003')	-0.282337835516	-0.248829072783	-0.0572674871267	-0.272992193193	0.0545273641452	-0.123981024873	0.393976024688	-0.235146621229	-0.162151146937	-0.206780412541	-0.16746571427	-0.126172466759	-0.239879892007	-0.0880552726935	-0.125346234245	-0.338107081744	-0.226604557052	-0.277348965781	0.0262270030213	-0.318850681898	-0.196362580412
('Trametinib+0.001+24hr', 'drug: Trametinib', 'time: 24', 'dosage: 0.001')	-0.37394669556	-0.282216259399	-0.0424313261619	-0.259124067858	0.334538009226	-0.0295470438695	0.279229960557	-0.188175905955	-0.20536923569	-0.147497102411	-0.143374478311	-0.100986628719	-0.122565438003	0.045299374299	0.11182538118	-0.666004087862	-0.240303188333	-0.27772487434	0.128873914817	-0.208651671864	-0.135877040847
('Palbociclib+3.1623+24hr', 'drug: Palbociclib', 'time: 24', 'dosage: 3.1623')	-0.351087741221	-0.494528846641	-0.0695206210067	-0.0533563894196	0.737811119287	-0.0493058688982	0.481459173558	-0.394203323472	-0.181396913437	-0.172866792171	0.245002053873	-0.118654694359	-0.0707545518561	0.324099029866	0.150043591141	0.746229447042	0.252608855738	-0.481349612339	0.653048023234	-0.431294394131	-0.206987523456
('Trametinib+0.0031623+24hr', 'drug: Trametinib', 'time: 24', 'dosage: 0.0031623')	-0.2116709773	-0.389422439085	-0.0638134701076	-0.0356631940003	0.334548313021	-0.0740279497256	0.489269113746	-0.206117326928	-0.16652317365	-0.0542638623908	-0.455296487217	-0.102252645483	-0.175962065774	0.403483093687	0.315802030658	-0.769477514265	-0.248624992435	-0.402724637588	-0.291623645294	-0.251345160788	-0.167948333269
('Etoposide+0.01+24hr', 'drug: Etoposide', 'time: 24', 'dosage: 0.01')	-0.520821530984	-0.355454494297	-0.0531914690295	-0.41585292772	0.411509143285	-0.0484194982877	0.535373742373	-0.418112684278	-0.256596388843	-0.187887931975	0.641909462263	-0.108476990543	-0.185075077726	0.025549556321	-0.156202298923	0.330084357824	-0.183775282871	-0.336528131092	0.904548558342	-0.331479781096	-0.0979558165859
('Palbociclib+0.031623+24hr', 'drug: Palbociclib', 'time: 24', 'dosage: 0.031623')	-0.301931794431	-0.207870689898	-0.0517210507598	-0.190323572477	0.520561074011	-0.0530586999601	0.573449363802	-0.356516566543	-0.184411905983	-0.185203576529	0.121803711514	-0.0951058868737	-0.123745607478	0.368973280642	-0.117390426971	0.15165271437	-0.0996744940903	-0.194057386985	0.539531085712	-0.223915130219	-0.244702452555
('DMSO+0+24hr', 'drug: DMSO', 'time: 24', 'dosage: 0')	-0.327147501979	-0.206589082641	-0.0347172545998	-0.20830152359	0.00695012478007	-0.0653682635217	0.079430525677	-0.330504495189	-0.184373600574	-0.18068581776	0.0551675219002	-0.125458874574	-0.185908912871	0.202713989722	-0.177987412157	0.365637256642	-0.117484389933	-0.290740570302	0.295571562441	-0.337328051574	0.258218341594
('Etoposide+1+24hr', 'drug: Etoposide', 'time: 24', 'dosage: 1')	-0.486115288569	-0.408691761398	-0.0493686653858	-0.0797445448372	1.27580324773	0.0669209038091	1.03482741352	-0.255479149586	0.0163451936822	-0.051865443336	0.597798473925	0.155947612205	-0.0777095940677	0.739097682791	0.261212604147	0.871230080384	0.20323668832	-0.415192458225	1.14134652785	-0.23357796226	0.327555031868
('Alpelisib+0.031623+24hr', 'drug: Alpelisib', 'time: 24', 'dosage: 0.031623')	-0.301310858456	-0.136986461359	-0.0426611810839	-0.198357272189	0.209907680389	-0.0219627949517	0.0589617591765	-0.316029273211	-0.191279379053	-0.172377136442	0.0663673023346	-0.100552242377	-0.157996985325	0.322492384067	-0.163098239904	0.224472107238	-0.0953156175585	-0.218067746519	0.439068315067	-0.239391420903	-0.0407082729436
('Vorinostat+0.031623+24hr', 'drug: Vorinostat', 'time: 24', 'dosage: 0.031623')	-0.469724319538	-0.257160653266	-0.0512245104465	-0.395679744685	0.284140241252	-0.03558952557	0.148332979554	-0.410812399411	-0.241848061905	-0.213549042909	0.594059376933	-0.109629536266	-0.128368409707	0.141635399351	-0.269877980096	0.517386852914	-0.21118199566	-0.299674625364	1.24512738171	-0.26074550911	0.105625060435
('Trametinib+0.31623+24hr', 'drug: Trametinib', 'time: 24', 'dosage: 0.31623')	-0.338281646832	-0.536875575288	-0.0842618347856	-0.216624776676	-0.0510024955349	-0.136469373055	0.0843542193277	-0.357346326595	-0.218685029847	-0.0555204101002	-0.634887333751	-0.141897817342	-0.266182733212	0.0331682773645	0.414584331587	-0.946297220601	-0.506724863065	-0.502117295174	-0.619126159617	-0.455034677499	0.097377722445
('Neratinib+0.31623+24hr', 'drug: Neratinib', 'time: 24', 'dosage: 0.31623')	-0.442737233627	-0.526452909983	-0.0735447559834	-0.200676037682	-0.154327987557	-0.1266005302	0.148178077489	-0.30823439722	-0.29010210737	-0.0795631241012	-0.656623505077	-0.140551011694	-0.314042557288	0.199043581932	0.649595424977	-0.848245106453	-0.443237174054	-0.473665061605	-0.724491091725	-0.490293506234	0.591644277405
('Dasatinib+3.1623+24hr', 'drug: Dasatinib', 'time: 24', 'dosage: 3.1623')	-0.237179463361	-0.461121001552	-0.0048057412147	-0.0682692942523	1.69934816618	0.204935618704	2.08624516753	0.119469852846	-0.144321604825	1.0498132585	-0.546410003432	-0.0542684584805	0.103510085108	1.97424249257	1.83767203915	-0.00895862807297	0.164286792448	-0.407544599869	-0.373606969277	-0.181996863919	1.84376362056
('Palbociclib+10+24hr', 'drug: Palbociclib', 'time: 24', 'dosage: 10')	-0.407535851281	-0.506561109938	-0.0693357855762	-0.183350321865	0.245844132296	-0.0845185604334	0.141734705545	-0.432878637223	-0.243262206671	-0.216348535799	0.00668577533136	-0.138843451174	-0.105467148235	0.569713137999	0.156564935594	0.718548734586	0.0748241004339	-0.498420224991	0.444355760108	-0.470727246258	0.46962190182
('Palbociclib+0.1+24hr', 'drug: Palbociclib', 'time: 24', 'dosage: 0.1')	-0.419059828827	-0.342776043664	-0.064003153309	-0.19099911642	0.273432645295	-0.0456934094834	0.211385926262	-0.378372610593	-0.158105308358	-0.209974009848	0.307148656585	-0.117284526831	-0.0251890550354	0.307137162122	-0.0249503376585	0.613559888672	0.131213875744	-0.427750629431	0.686711709238	-0.383519542514	0.525856960152
('Paclitaxel+0.0031623+24hr', 'drug: Paclitaxel', 'time: 24', 'dosage: 0.0031623')	-0.0909617565308	-0.232095225382	0.0195833869726	-0.0210778680558	0.381443123729	-0.027394420827	0.582145435765	0.724374999038	0.365433533762	-0.0841442744864	-0.154899737181	-0.0492470362197	-0.0342652884063	0.852937693498	0.284848420666	0.401576333694	0.0651130297804	-0.173744724478	0.176222605589	-0.180736669052	0.67917359487
('Etoposide+0.031623+24hr', 'drug: Etoposide', 'time: 24', 'dosage: 0.031623')	-0.397243113329	-0.227133823157	-0.044296219377	-0.251151637608	-0.0436924490405	-0.0386832113213	0.06803527246	-0.294981951516	-0.19537535169	-0.200847873103	0.207499723813	-0.118086662484	-0.0970339142224	0.335879127598	-0.200013986273	0.151545612878	-0.115685410005	-0.244066451398	0.552552321606	-0.29474025764	0.418955718075
('Etoposide+3.1623+24hr', 'drug: Etoposide', 'time: 24', 'dosage: 3.1623')	-0.374373484379	-0.105473700126	-0.0501067478554	-0.0572941338029	0.122101949407	-0.0174302966642	0.313798638858	0.0869635659609	0.447288351208	-0.168933860536	-0.248654489975	0.320969915475	-0.108141159723	0.769736469013	0.145690631596	0.888987029417	0.145438096218	-0.39334368508	0.177580926584	-0.170616509261	0.880114240655
('Vorinostat+1+24hr', 'drug: Vorinostat', 'time: 24', 'dosage: 1')	-0.294099489232	-0.3148621054	-0.076604163927	0.000197131613075	-0.558421972415	-0.110604387219	-0.380344843655	-0.496813938257	-0.0309860840012	-0.195735302671	-0.533255681326	-0.129751093864	-0.0735701950895	-0.229789663069	-0.434231669186	-0.434723054542	-0.20561530373	-0.480451484217	-0.418934961923	-0.423600606871	-0.276245742816
('Alpelisib+0.01+24hr', 'drug: Alpelisib', 'time: 24', 'dosage: 0.01')	-0.449081609994	-0.301239223287	-0.0586420687948	-0.39245495915	-0.173786414258	-0.064804361083	-0.101682796536	-0.360018469518	-0.235612200136	-0.22483964357	-0.150294159037	-0.134217679195	-0.194235708052	0.163451450877	-0.197293360475	0.331351476812	-0.198735375499	-0.368858780287	0.246433066004	-0.37751019934	0.385904757844
('Alpelisib+10+24hr', 'drug: Alpelisib', 'time: 24', 'dosage: 10')	-0.244164279887	-0.408174326778	-0.0763004119998	-0.181250077415	-0.4311771904	-0.139123205109	-0.105406875077	-0.278042175036	-0.256780086382	-0.224686757861	-0.639844595239	-0.154470812117	-0.263817917424	-0.0573500566024	-0.0776667762844	-0.378554482176	-0.359218075522	-0.458304268396	-0.648350373016	-0.489407964176	0.251954628346
('Palbociclib+0.31623+24hr', 'drug: Palbociclib', 'time: 24', 'dosage: 0.31623')	-0.345692320621	-0.383614750817	-0.0678708028044	-0.13750474106	-0.0137716866898	-0.0648406907558	-0.131627241217	-0.376384281617	-0.152071325121	-0.217321149855	0.1370140916	-0.119163689589	-0.0462000041374	0.203461395318	-0.101938905223	0.57808330726	0.0839928136431	-0.453459633249	0.308860726335	-0.441458861291	0.534809892038
('Neratinib+0.0032+24hr', 'drug: Neratinib', 'time: 24', 'dosage: 0.0032')	-0.565690500508	-0.383480761477	-0.0544401844962	-0.461303434665	0.00384721550912	-0.0250602337181	0.0230096429707	-0.429472934779	-0.275174277557	-0.205238291534	0.774315301933	-0.125366493206	-0.153159868586	0.190874711189	-0.190699618601	0.375443469024	-0.186948397546	-0.374699108825	1.03711450115	-0.37387449201	0.51889574921
('Vorinostat+3.1623+24hr', 'drug: Vorinostat', 'time: 24', 'dosage: 3.1623')	-0.298156546942	-0.486206114835	-0.0787545194038	0.140053614417	-0.49102932949	-0.139834731631	-0.30502655353	-0.537343120631	0.225717040516	-0.167252022491	-0.542668381431	-0.133061705526	-0.0952429884018	-0.115192554488	-0.327410262266	-0.544871784721	-0.329640070081	-0.48902421463	-0.558364444647	-0.425578255039	-0.118896663601
('Dasatinib+0.31623+24hr', 'drug: Dasatinib', 'time: 24', 'dosage: 0.31623')	-0.092601663522	-0.308033757458	0.00823461327517	0.117643189007	1.56556831323	0.138851851655	0.86688686654	0.226687775272	-0.0709750049101	0.389126335541	0.130188072531	-0.0572732303625	0.0506766824871	1.67367771988	1.91698992963	0.667490946144	0.344036530714	-0.277231787429	0.34032525363	-0.117359977318	1.29462950008
('Dasatinib+0.01+24hr', 'drug: Dasatinib', 'time: 24', 'dosage: 0.01')	-0.350186893882	-0.171619272353	-0.0314422277244	-0.182411180452	0.0193721129679	-0.0442707922089	-0.026719137814	-0.238764744646	-0.19569543939	-0.17872804124	0.152124372636	-0.119383879775	-0.164445208216	0.469025316367	0.024820482346	0.277442864587	-0.114286768779	-0.213793713043	0.317697829711	-0.270831904325	0.594218005557
('Paclitaxel+0.01+24hr', 'drug: Paclitaxel', 'time: 24', 'dosage: 0.01')	-0.0322002047224	-0.101864534571	0.278302497978	0.0934782309346	1.21043997989	0.160223290455	0.76434408031	1.06590077619	0.532198699096	0.169891298002	0.402177644726	0.245571783688	0.0997128149842	1.96895269082	1.07711172091	0.754780995491	0.517810041504	0.121205289159	0.754932590501	0.0531842808835	1.50412565636
('Palbociclib+0.01+24hr', 'drug: Palbociclib', 'time: 24', 'dosage: 0.01')	-0.291565558619	-0.215301018611	-0.0286323700317	-0.168516005634	-0.3266380416	-0.089823781617	-0.126521000677	-0.324352940075	-0.164034087357	-0.205570475305	-0.425482026933	-0.116232177978	-0.221053858274	0.344918987749	-0.228833171397	0.221698346909	-0.129420713421	-0.38431413519	-0.124142273106	-0.411060002849	0.150435566086
('Neratinib+1+24hr', 'drug: Neratinib', 'time: 24', 'dosage: 1')	-0.3030436066	-0.507999612245	-0.0686557005278	-0.318454348019	-0.491700906594	-0.151947165758	-0.2508850453	-0.270883911117	-0.243178976614	-0.166722472284	-0.693337481131	-0.131062924096	-0.329925907932	0.00969819764532	0.291144986719	-0.743163733058	-0.407142231827	-0.510413545315	-0.742170873526	-0.535327859821	0.368888833881
('Trametinib+0.1+24hr', 'drug: Trametinib', 'time: 24', 'dosage: 0.1')	-0.32523954712	-0.518754855567	-0.076488313127	-0.170001523913	-0.414770243995	-0.142731000851	-0.163844602748	-0.401677467654	-0.213874557412	-0.153703187033	-0.667309642817	-0.146717044386	-0.318116434956	0.0462709451104	0.246509896667	-0.79793013601	-0.436090111923	-0.510980556945	-0.662527039826	-0.510299788014	0.441531412572
('Vorinostat+10+24hr', 'drug: Vorinostat', 'time: 24', 'dosage: 10')	-0.545609439899	-0.519259521053	-0.0715988309868	-0.382804603086	-0.560836874807	-0.150625853694	-0.193577553055	-0.510446008427	0.0382234965534	-0.128137557209	-0.677770366748	-0.141883852542	-0.150384907536	-0.292395089663	-0.0667276266266	-0.677460486379	-0.373067899347	-0.521373845447	-0.732683978458	-0.45733003674	0.295065745601
('Alpelisib+0.1+24hr', 'drug: Alpelisib', 'time: 24', 'dosage: 0.1')	-0.332894649379	-0.258120312351	-0.0549079751223	-0.241236204346	-0.289729352639	-0.104839441641	-0.226134074243	-0.34617299295	-0.199849574203	-0.226202991983	-0.262227581566	-0.156001353062	-0.261689530541	0.0145951956841	-0.246382291863	0.390184640491	-0.208822856409	-0.347730459326	-0.100748234015	-0.434132725883	0.450461985838
('Etoposide+0.31623+24hr', 'drug: Etoposide', 'time: 24', 'dosage: 0.31623')	-0.251172453618	-0.352784005422	-0.0675156287387	-0.0981510789756	-0.140137472001	-0.082094137162	-0.0896409850313	-0.120205973523	0.128311867591	-0.21477421128	0.0443517611089	-0.129416919753	-0.148021768059	0.240240765334	-0.116942636174	0.722382385593	-0.0464146212979	-0.354760341667	0.150835955294	-0.391957534002	0.551536110995
('Trametinib+0.031623+24hr', 'drug: Trametinib', 'time: 24', 'dosage: 0.031623')	-0.408124363094	-0.521093528546	-0.0814494969794	-0.239044327457	-0.520265937787	-0.169569026763	-0.222039210419	-0.420943696461	-0.215767032058	-0.166819259971	-0.66174629606	-0.160961532745	-0.345561945109	-0.310559008944	0.124539704029	-0.812629796324	-0.492816121761	-0.523480092374	-0.697838269301	-0.54500320235	0.167335998638
('Neratinib+0.1+24hr', 'drug: Neratinib', 'time: 24', 'dosage: 0.1')	-0.30844296977	-0.459141847014	-0.0707709768206	-0.154673932468	-0.509714071152	-0.118343068951	-0.147527098364	-0.302099927796	-0.267299797794	-0.17579164371	-0.6694048018	-0.157327318026	-0.271639550802	0.186314385011	0.0374473343492	-0.468189748875	-0.314045921601	-0.508780272794	-0.690644182158	-0.507800286234	0.482357364538
('Paclitaxel+0.00032+24hr', 'drug: Paclitaxel', 'time: 24', 'dosage: 0.00032')	-0.355350326422	-0.218931808702	-0.0253058681313	-0.224620453357	-0.320974869936	-0.0751927370122	-0.301319059622	-0.28378261014	-0.178868584912	-0.216234590655	-0.00954822456889	-0.138628054935	-0.232454614787	0.44782484285	-0.137231156911	0.334853188226	-0.0753126097873	-0.294141223399	0.112266735674	-0.389064503999	0.396414736416
('Etoposide+10+24hr', 'drug: Etoposide', 'time: 24', 'dosage: 10')	-0.33440703009	-0.363721380747	-0.0720568813066	-0.0798875729604	-0.602577211518	-0.136967317998	-0.171812119984	0.225434246479	0.540745483642	-0.229675074533	-0.601112370616	0.173070942848	-0.285221421411	0.0144971274435	-0.125314511072	0.572595480417	-0.22109178511	-0.50998979364	-0.556152220744	-0.475376593868	0.102946904647
('Palbociclib+1+24hr', 'drug: Palbociclib', 'time: 24', 'dosage: 1')	-0.392524403648	-0.438583065807	-0.0757526773802	-0.228645122475	-0.276915068572	-0.120229763657	-0.31446876984	-0.392961070547	-0.178607787104	-0.239341950105	-0.341781246868	-0.159838623873	-0.221943806531	0.20686087038	-0.12475764933	0.516756723502	-0.0738188118646	-0.506836772627	-0.155691057291	-0.51762696114	0.243774573075
('Dasatinib+10+24hr', 'drug: Dasatinib', 'time: 24', 'dosage: 10')	0.229747314768	-0.374813469015	0.0176552828172	0.180138089661	0.473936105799	0.0145138712381	0.803194748987	0.616588793764	0.101198921611	1.30468961267	-0.668438197006	-0.0662551815764	-0.182968274611	1.57030182955	3.47308170032	0.180054358207	0.168048103631	-0.405549642404	-0.603502749345	-0.396809740922	1.79561294878
('Paclitaxel+0.1+24hr', 'drug: Paclitaxel', 'time: 24', 'dosage: 0.1')	0.195402777679	-0.0520024651122	1.07297208813	-0.264492479322	-0.305324117559	-0.0586345434524	0.52038723687	1.2606253892	0.251143385385	-0.0444224315603	-0.355442388278	-0.0746716553522	-0.295346226635	0.587495474772	1.36266084641	0.503250951091	0.264310837855	-0.141368799419	-0.464807302058	-0.475526318898	1.4002773856
('Vorinostat+0.01+24hr', 'drug: Vorinostat', 'time: 24', 'dosage: 0.01')	-0.265656078963	-0.260732037606	-0.0585369998227	-0.221803858654	-0.42020898986	-0.121326565825	-0.393649134915	-0.336018887945	-0.200880260674	-0.239304943094	-0.443651309217	-0.165620675033	-0.293897634581	-0.034351454607	-0.217042657057	0.325902798335	-0.249931323226	-0.401635860348	-0.272532354295	-0.474457489455	0.078728744569
('Vorinostat+0.31623+24hr', 'drug: Vorinostat', 'time: 24', 'dosage: 0.31623')	-0.252994982499	-0.246577716933	-0.0423331466171	-0.10696152925	-0.486923206063	-0.135258903519	-0.336491140403	-0.40637958555	-0.161467595261	-0.241238821099	-0.365259146216	-0.155879147251	-0.291443502591	-0.212992511309	-0.299412600309	0.261416413956	-0.292436337454	-0.418425672782	-0.333129106431	-0.487246406159	0.221293357881
('Dasatinib+0.031623+24hr', 'drug: Dasatinib', 'time: 24', 'dosage: 0.031623')	-0.473934630177	-0.379279648314	-0.0591901767987	-0.426765962778	-0.69287058414	-0.186136683666	-0.491460046718	-0.422611263664	-0.279299259243	-0.248343068251	-0.556704245499	-0.155324048559	-0.387993566546	-0.75648550285	-0.323847123389	-0.155640837235	-0.406460037836	-0.471850072401	-0.615413959663	-0.548437897428	-0.52536242323
('Paclitaxel+0.031623+24hr', 'drug: Paclitaxel', 'time: 24', 'dosage: 0.031623')	-0.610926572571	-0.450056070228	0.08891623205	-0.564421244667	-0.917183461988	-0.203062629568	-0.694110199411	-0.368629338458	-0.227736298728	-0.25432159687	-0.659285548617	-0.154843929895	-0.383765439255	-0.925875296405	-0.533393408263	-0.66026034294	-0.395613370858	-0.471450826521	-0.743187048435	-0.566802708906	-1.05952696369
('Paclitaxel+0.001+24hr', 'drug: Paclitaxel', 'time: 24', 'dosage: 0.001')	-0.273386374207	-0.198209335803	-0.00455021634429	-0.143867748996	-0.285416166549	-0.0798558989452	-0.236799402458	-0.100792302383	-0.101275663014	-0.181625949531	-0.285367315521	-0.130628542491	-0.217837045954	0.413078201603	-0.0498608331566	0.303488758835	-0.0281152027591	-0.306143362502	-0.199718389418	-0.397093417856	0.646226755184
('Dasatinib+0.1+48hr', 'drug: Dasatinib', 'time: 48', 'dosage: 0.1')	2.25415823479	1.44980251112	0.309913013733	4.89864343181	3.97142691347	1.05728294321	2.95037731072	1.24389290676	0.727489311925	5.23606523289	0.15749685515	1.53204967756	1.19457820869	1.09970606368	1.74812817176	0.502062535987	1.78486374053	1.39067094756	0.526484125326	2.72396121081	-0.288873378509
('Neratinib+0.01+48hr', 'drug: Neratinib', 'time: 48', 'dosage: 0.01')	2.81037586877	2.60173472511	0.398217945204	2.11031071212	1.5452671502	0.514717866403	0.730743773557	0.834668664414	0.603164375481	1.36277884221	-0.240300958004	1.10686362295	0.558213194007	0.0595654494227	0.092281815487	0.0962709610725	1.26743828962	2.12672500016	-0.16619491701	1.99793816803	-0.852497591295
('Dasatinib+1+48hr', 'drug: Dasatinib', 'time: 48', 'dosage: 1')	3.31659809346	0.341909204076	0.0653520880227	4.00985908477	4.21442058505	0.67534723397	3.85206235954	1.84616120779	1.14283180303	8.74111766678	-0.100083843376	0.819792676287	0.860245278928	1.68472269592	3.68512923392	0.897958931243	2.28458066894	0.642907381126	0.122036355813	1.56018081141	-0.137050697754
('Etoposide+0.1+48hr', 'drug: Etoposide', 'time: 48', 'dosage: 0.1')	2.14221028818	2.36428213525	0.186856314089	2.08370321811	2.49567889819	0.873206787005	0.95846685402	1.20750630892	1.55365181249	1.18577870111	0.12181837189	1.56825064731	1.13348002972	0.778161797341	0.17583604753	0.595426479217	2.12928050489	2.63937542506	0.376870289411	2.83045684441	-0.764182491124
('Paclitaxel+0.0001+48hr', 'drug: Paclitaxel', 'time: 48', 'dosage: 0.0001')	2.40376369737	2.74193824995	0.436016390003	2.0010118699	2.25310306421	0.71128226268	0.938496699889	0.664166583372	0.630028634423	0.979538209803	-0.0766589060184	1.23668669068	0.88532687248	0.963316524393	0.192083441832	0.418799749521	1.48304053549	2.20511822205	0.28111141495	2.34031306855	-0.593765130269
('Alpelisib+1+48hr', 'drug: Alpelisib', 'time: 48', 'dosage: 1')	2.00721568447	2.16539621925	0.191690972181	1.6219354205	1.43997970741	1.20385451314	0.790576575352	0.619757994101	0.541470757686	0.872863130433	-0.247794690921	0.949898435148	0.590839161465	0.626660648576	0.373254471266	0.131908077914	1.02879126495	1.49019218722	-0.155553106497	1.84628724071	-0.761328087054
('Neratinib+0.031623+48hr', 'drug: Neratinib', 'time: 48', 'dosage: 0.031623')	2.24670901353	1.17190492258	0.13794457256	1.02263977503	0.607755965437	0.249039903469	0.471797485719	0.914333125865	0.250425121742	0.864930748887	-0.516622079714	0.833568932203	0.216462305553	0.193086679637	0.152398316151	-0.428031112168	0.677578604858	0.619237620374	-0.496928325181	1.2081949327	-0.84180392243
('Alpelisib+3.1623+48hr', 'drug: Alpelisib', 'time: 48', 'dosage: 3.1623')	2.07553092483	1.31980272957	0.294198373408	0.831388511334	0.474767631192	0.109793006048	0.657222973694	0.63121460371	0.43786933101	0.433661870913	-0.568057532478	0.462286425403	0.111774633617	0.176376316685	0.563138198138	-0.151347283003	0.749358160536	0.538302571828	-0.577369284781	0.628331501791	-0.736213961125
('Neratinib+0.001+48hr', 'drug: Neratinib', 'time: 48', 'dosage: 0.001')	1.48247976302	2.20980374575	0.228212934011	1.1059430689	1.47420214391	0.781912711985	0.572589450444	0.522617568968	0.337373113298	0.612445593167	-0.191553282885	0.957513487904	0.838612503333	0.715400301248	-0.0746305057133	0.0421752209144	1.06359318346	1.83469461267	0.0748907230967	2.42835783344	-0.397666553269
('Trametinib+0.01+48hr', 'drug: Trametinib', 'time: 48', 'dosage: 0.01')	1.92662409059	-0.303372219723	-0.0199662066318	2.17566513313	0.449249461174	0.117429521205	0.321343768348	0.765720785216	0.902390661636	2.58012284671	-0.631638539653	0.432325669383	0.27670591218	0.181859766396	0.104309942911	-0.805103537842	0.0687737737915	-0.0925778269374	-0.633988220373	0.718002621015	-0.377561098307
('Alpelisib+0.31623+48hr', 'drug: Alpelisib', 'time: 48', 'dosage: 0.31623')	1.84408617853	2.21895684898	0.307069953974	1.29385553711	0.651582698835	0.580054609679	-0.0515691151909	0.855828027589	0.518765870921	0.440953854426	-0.398009949453	0.528054966039	0.696445381136	0.723056656216	0.0607391607412	0.150835231855	0.953566573177	1.53511944695	-0.190778718734	1.63070915988	-0.0642587778488
('Vorinostat+0.1+48hr', 'drug: Vorinostat', 'time: 48', 'dosage: 0.1')	1.42044599952	2.27069760863	0.290272352213	0.8867559722	0.857641119424	0.675503866973	0.191310499811	0.549541233747	0.586910831478	0.424672384573	-0.207729830534	0.611800139282	0.943670792897	0.91686590868	-0.0712876430681	0.332605647474	1.08720018941	1.67425591702	0.092142201192	1.75884094051	0.139550029581
('Trametinib+0.0003+48hr', 'drug: Trametinib', 'time: 48', 'dosage: 0.0003')	1.65932921366	1.67474448243	0.199694604815	0.746074407963	0.410165740815	0.342723237862	0.172899131266	1.14649859658	0.621259997403	0.280779773596	-0.441497828796	0.304385951196	0.556011269153	0.283379342978	-0.130114585576	-0.390851932197	0.973762749212	1.77376575065	-0.327861879366	1.42134175901	-0.253699611979
('Trametinib+0.001+48hr', 'drug: Trametinib', 'time: 48', 'dosage: 0.001')	0.716401281843	0.906937915508	0.179006222982	0.60376226828	0.730065952281	0.767441517741	0.0921526934764	0.963390418961	0.37592087647	0.535194826257	-0.397290294027	0.462873708754	1.12260815901	0.379473362623	0.00140339137464	-0.701012769133	0.709040677912	1.00489711277	-0.255531412424	1.99917240536	-0.223462079618
('Palbociclib+3.1623+48hr', 'drug: Palbociclib', 'time: 48', 'dosage: 3.1623')	1.90759109059	-0.205510276437	-0.0552111874097	1.87331158535	1.56614318917	0.677211017005	0.325363863054	0.495428364005	0.999570682012	0.657385049416	-0.169447174011	0.241721412068	2.65653344719	0.961134251065	0.268878056535	0.701272544884	3.15344636256	-0.00959013656125	0.106985154418	0.890824683296	-0.161495930923
('Trametinib+0.0031623+48hr', 'drug: Trametinib', 'time: 48', 'dosage: 0.0031623')	1.99868632681	0.455804408361	0.0436888745089	1.37299897745	0.552943257407	0.422923695941	0.155619658105	1.31000407716	0.788490328234	1.16246636354	-0.581392287277	0.362032479095	0.935408840614	0.663080477934	0.0803347686686	-0.781500088975	0.714068439986	0.45076314588	-0.522238374898	1.48491024093	-0.322795686333
('Etoposide+0.01+48hr', 'drug: Etoposide', 'time: 48', 'dosage: 0.01')	0.104403153115	0.818407535662	0.212545528286	0.563840683957	1.47876641266	0.9736264088	0.542672159628	0.0574445404157	0.159690408703	0.628486609434	0.144024667771	0.56505780337	0.915790105144	0.871636277385	-0.106727584761	0.322174306086	1.01083422696	0.942848087923	0.474098429761	1.58231798331	0.0377032936285
('Palbociclib+0.031623+48hr', 'drug: Palbociclib', 'time: 48', 'dosage: 0.031623')	1.92724568759	2.29911568084	0.252997956301	1.18721145344	1.36900515483	0.727926916002	0.432953894713	0.740858052994	0.629966243201	0.45132067008	-0.221626392321	0.675713075858	0.998056795057	1.05880378467	-0.0277952239033	0.194837114063	1.41031912482	2.71885300392	0.058126083627	2.30503169644	-0.177624263808
('DMSO+0+48hr', 'drug: DMSO', 'time: 48', 'dosage: 0')	1.46606609501	1.78197155301	0.338825424587	1.00638029009	0.565654174903	0.597886529271	-0.0622684471771	0.749659581646	0.456970333403	0.363840245787	-0.260042413825	0.281704444583	0.630221184572	0.814316158169	-0.0845034983186	0.379898597944	0.94505772781	1.51946405565	-0.0771738882314	1.22694702852	0.236909262086
('Etoposide+1+48hr', 'drug: Etoposide', 'time: 48', 'dosage: 1')	0.228004557409	0.911489178183	-0.0128809773438	2.49052482428	2.81635080682	1.47859501487	0.936212538612	0.886853025495	2.59550256815	1.63569447274	0.106348066298	3.57180341689	1.3740233288	1.87455491046	0.348174233504	0.848550130492	2.34334534862	0.449617891851	0.605442489269	2.32742013264	0.41377458013
('Alpelisib+0.031623+48hr', 'drug: Alpelisib', 'time: 48', 'dosage: 0.031623')	1.72872184142	2.4399241839	0.341751541756	1.12807994278	0.806484686309	0.716651954502	-0.050048080186	0.829859918374	0.493774505347	0.494536680594	-0.243372576846	0.437497746498	0.876747279318	0.924091051794	-0.0238262508668	0.268532448804	1.07374403269	2.13716529023	0.0250199021949	1.90981600398	-0.00900087734974
('Vorinostat+0.031623+48hr', 'drug: Vorinostat', 'time: 48', 'dosage: 0.031623')	0.726506926141	1.75614829043	0.303695169412	0.572341293045	1.09307704048	0.872720856584	0.0439255999641	0.446973162398	0.271561034135	0.333663508662	-0.0184995477699	0.457341483478	0.994234387412	0.967118328826	-0.194271965247	0.461506562712	0.871028161819	1.75080548079	0.446138668609	2.19121419434	0.127764131813
('Trametinib+0.31623+48hr', 'drug: Trametinib', 'time: 48', 'dosage: 0.31623')	1.7779341134	-0.526786711611	-0.0761791389269	0.993937559258	0.0041891978985	0.0341017290008	-0.255356528337	0.710931017719	0.805133542376	1.6772768111	-0.677145321639	-0.0154567759515	0.35721129417	0.140885207668	0.210545601805	-0.949708489718	-0.349880296086	-0.121606532637	-0.698032759948	0.394990938671	-0.241598524384
('Neratinib+0.31623+48hr', 'drug: Neratinib', 'time: 48', 'dosage: 0.31623')	0.500512314351	-0.513247934551	-0.0626437330776	0.411958201113	-0.052854200722	0.00977473197973	-0.0754833428813	0.381583948433	0.129062252131	1.39099088346	-0.654131900687	0.0193895207806	-0.0538055041566	0.442616801326	1.04076520312	-0.84037492628	-0.32092241579	-0.145531551435	-0.728586752192	0.0439249049014	0.400293812994
('Dasatinib+3.1623+48hr', 'drug: Dasatinib', 'time: 48', 'dosage: 3.1623')	0.172896490714	-0.416708881544	0.0565586180735	0.933185841403	2.87740724336	0.857507969831	2.22390265331	0.52162765232	0.267682363803	5.87681025281	-0.545965717342	0.180270026266	1.34747091261	3.25348625193	2.43203097023	0.186088293076	0.826261696517	-0.156714086796	-0.338266889794	1.03112934266	2.19176615255
('Palbociclib+10+48hr', 'drug: Palbociclib', 'time: 48', 'dosage: 10')	1.57473318717	-0.353636625289	-0.0576788257806	1.54308618057	0.913741267065	0.744649509221	-0.0417714546735	0.356044851386	0.434564852531	0.339584162982	-0.31053165652	0.00382595003632	2.51842110911	1.25340975583	0.210465651347	0.64955496954	2.07539378684	-0.07875683484	-0.0364347342845	0.601289169641	0.46558231356
('Palbociclib+0.1+48hr', 'drug: Palbociclib', 'time: 48', 'dosage: 0.1')	1.23275662112	1.19554041305	0.0420277806806	1.24478649323	0.872237911081	0.765707662615	0.0294568648158	0.643783123516	0.959183348422	0.36616037104	-0.1735843548	0.270371234431	2.29288643467	0.966447365269	0.0415386030412	0.52829560857	2.48314767271	0.499265354565	0.0655688019846	1.41108755965	0.477346245982
('Paclitaxel+0.0031623+48hr', 'drug: Paclitaxel', 'time: 48', 'dosage: 0.0031623')	1.6567631192	0.975565736774	0.573132908611	1.14026657676	0.716633075667	0.399733014943	0.361449596325	3.98893252419	2.29328548391	0.48910262361	-0.32687438766	0.406445396554	0.897500807522	1.22646222552	0.362531689777	0.33993586159	1.27351250237	1.02535704805	-0.0958563565889	1.20707145078	0.562029826068
('Etoposide+0.031623+48hr', 'drug: Etoposide', 'time: 48', 'dosage: 0.031623')	1.23634996416	1.90692356171	0.244387784007	0.988559498017	0.512989405591	0.797111031959	-0.0391365515589	1.0753352657	0.561565661721	0.328815429074	-0.19102547318	0.344903693299	1.0507715871	1.03297795508	-0.105094207031	0.17501307355	1.12955647634	2.01290018718	0.0490505055041	1.78747734652	0.473374900798
('Etoposide+3.1623+48hr', 'drug: Etoposide', 'time: 48', 'dosage: 3.1623')	1.16322486853	2.73698975124	-0.0373173196416	1.45160587577	0.684275112235	0.71426749462	0.020333208254	3.31768758453	4.90584872915	0.514341750153	-0.501612181017	4.06624616784	1.377960233	1.37226714032	0.276311835173	0.739327540155	1.59800259824	0.71914257242	-0.275993512859	2.8668405126	0.644019258824
('Vorinostat+1+48hr', 'drug: Vorinostat', 'time: 48', 'dosage: 1')	1.3959362776	0.606110188393	-0.0387753187369	1.16930338313	-0.286742314477	0.256017606915	-0.590187249985	0.161317509329	1.18164095224	0.205272044853	-0.649481289181	0.141711557657	1.54789231371	0.0660402349043	-0.411870578512	-0.518639220095	0.799344861703	-0.130008196417	-0.649059061274	0.599917085397	-0.571457830162
('Alpelisib+0.01+48hr', 'drug: Alpelisib', 'time: 48', 'dosage: 0.01')	0.857650481555	1.4754475547	0.210503306104	0.475147748808	0.303714225485	0.630228729245	-0.206387292473	0.679583451035	0.29387871448	0.203050408628	-0.407673360281	0.128229153199	0.691160239407	0.850509552576	-0.100467392979	0.31448624139	0.818301577379	1.12729549954	-0.123268507876	1.19818897648	0.354638053299
('Alpelisib+10+48hr', 'drug: Alpelisib', 'time: 48', 'dosage: 10')	1.48237806439	0.230539596073	-0.00289895657594	0.818851704042	-0.283838194609	0.075377062623	-0.304847508637	0.77402055879	0.118658221471	0.126859460728	-0.670345064044	-0.0378561727803	0.188662584835	0.18837046578	1.04766476972	-0.392520170137	0.096078537339	-0.0645941370081	-0.708068697641	0.0771011731105	0.0394707792819
('Palbociclib+0.31623+48hr', 'drug: Palbociclib', 'time: 48', 'dosage: 0.31623')	1.79026133807	0.772400321652	0.0360667200815	1.25382102197	0.444755255876	0.613192031229	-0.37226478898	0.733696417951	0.937523329247	0.252398658744	-0.298158159058	0.0988986358889	2.21418936544	0.795299219388	-0.0368388911855	0.45305924622	2.22651825767	0.400245475028	-0.16517528194	0.860089016734	0.361758335149
('Neratinib+0.0032+48hr', 'drug: Neratinib', 'time: 48', 'dosage: 0.0032')	-0.137708897503	0.493542703703	0.216130069958	0.214637032244	0.857992462907	1.05137807951	-0.0115337151964	0.0223784824217	0.0155745696511	0.300712775552	0.160170293247	0.145504114708	0.814939305068	1.16466838952	-0.129900033215	0.300622545917	0.819748668494	0.656400799837	0.442361828449	1.06550814176	0.574399493631
('Vorinostat+3.1623+48hr', 'drug: Vorinostat', 'time: 48', 'dosage: 3.1623')	1.65064314104	-0.138726789807	-0.0362275965273	1.62785274974	-0.197371631543	0.0950938228652	-0.536566040395	0.034073834776	3.05110034903	0.510824751149	-0.645307506202	0.125871843431	1.80047874716	0.222023421345	-0.260216857734	-0.617540023506	0.495225719544	-0.0226589756802	-0.691531321189	0.712186096454	-0.43908720597
('Dasatinib+0.31623+48hr', 'drug: Dasatinib', 'time: 48', 'dosage: 0.31623')	1.21444906247	0.333992523477	0.142060152132	1.28905853685	1.99731349649	0.721669425337	0.720029884394	1.32795868764	0.578579433713	2.32375592445	-0.0771526210403	0.223700877784	1.08556294106	2.20878348749	2.271187433	0.652937617625	1.34344233585	0.490284419543	0.127520358697	1.17838951411	1.28950508859
('Dasatinib+0.01+48hr', 'drug: Dasatinib', 'time: 48', 'dosage: 0.01')	1.16435819923	1.76513762745	0.244562546268	0.920206720776	0.383417196335	0.615893408805	-0.258690983328	0.944276093818	0.370423346818	0.326714813096	-0.247249211467	0.185437066282	0.749606519006	0.937805023106	0.0084724619509	0.195852328962	0.793760734516	1.79838761811	-0.107008352129	1.37470086214	0.421202107219
('Paclitaxel+0.01+48hr', 'drug: Paclitaxel', 'time: 48', 'dosage: 0.01')	0.612331047266	0.373684365045	1.93534872698	1.07934678645	1.68782490031	0.639048270814	0.742669583708	2.90959738903	1.69443725363	0.950285010033	0.242135991738	1.60541623178	0.870102875119	2.59646002005	1.27146194412	0.85411894395	1.48636070007	1.15846716663	0.623259710716	0.880979023276	1.58131026304
('Palbociclib+0.01+48hr', 'drug: Palbociclib', 'time: 48', 'dosage: 0.01')	1.81365346401	1.80100946114	0.31139472592	1.05504711291	0.0633918301398	0.33529007405	-0.268638075634	0.85889605391	0.476846284525	0.217810652909	-0.532198738384	0.212265075873	0.454961881826	0.853170492801	-0.12470014293	0.275389187951	0.814052310418	0.703656755917	-0.347857187036	0.700761122369	0.0878266062236
('Neratinib+1+48hr', 'drug: Neratinib', 'time: 48', 'dosage: 1')	1.54257511666	-0.480065440749	-0.0324745111604	0.611686763746	-0.474030203152	-0.101806761332	-0.451459340522	0.732696064063	0.299519945378	0.579903675565	-0.69516945379	-0.0334153126936	-0.182826097095	0.142296649843	0.998253988169	-0.708830794277	-0.35017027106	-0.355316670241	-0.752982994313	-0.303185479471	0.132736220508
('Trametinib+0.1+48hr', 'drug: Trametinib', 'time: 48', 'dosage: 0.1')	1.88664280795	-0.493971683998	-0.078282353815	1.13949724341	-0.364292857085	-0.0158793521097	-0.467659871885	0.6164102509	0.679422479178	0.913079682755	-0.690221665236	-0.0840738039792	0.118642943982	0.163916683659	0.0992566632637	-0.827908185254	-0.324380633872	-0.279471542492	-0.722644865475	-0.00580451683645	-0.0353180565921
('Vorinostat+10+48hr', 'drug: Vorinostat', 'time: 48', 'dosage: 10')	-0.0804807944773	-0.507920111844	-0.0732133831034	0.204513021427	-0.21408446952	-0.0848182235519	-0.49949517108	-0.304679723766	1.95609787295	0.823663866594	-0.692517868797	0.0390425733949	1.28906567506	0.120971520664	-0.0942974800459	-0.707821869135	-0.118494464857	-0.374306730021	-0.745988977185	0.597660117604	-0.164202107058
('Alpelisib+0.1+48hr', 'drug: Alpelisib', 'time: 48', 'dosage: 0.1')	1.5958914107	1.55943491401	0.209997907312	0.870851583303	0.0650363939703	0.321193005463	-0.380383812465	0.740456256119	0.381356822974	0.153097505609	-0.459490043186	0.0173723578215	0.312869185485	0.554026652173	-0.0912321986735	0.415190574849	0.714244061812	1.22419062826	-0.352053098942	0.617481202695	0.406877967553
('Etoposide+0.31623+48hr', 'drug: Etoposide', 'time: 48', 'dosage: 0.31623')	1.76967351225	1.01294687863	0.0618948782523	1.08977714735	0.289085960015	0.377765517283	-0.268003519757	1.91339691267	1.91095188262	0.159052918119	-0.32452371577	0.167588261522	0.738378477915	0.858696793276	-0.0504557109701	0.659162001834	1.43979784466	1.19693397583	-0.233303499818	0.818245984392	0.461028227083
('Trametinib+0.031623+48hr', 'drug: Trametinib', 'time: 48', 'dosage: 0.031623')	1.41972058377	-0.507537628201	-0.0843347677807	0.819061064795	-0.522159619106	-0.0852371218588	-0.527171721122	0.600541660723	0.61105708662	0.70232141684	-0.688699784692	-0.117680370858	-0.0916138088225	-0.258765199845	-0.072295496533	-0.8429296912	-0.363210797255	-0.311811026446	-0.751602046681	-0.222205063943	-0.333481643443
('Neratinib+0.1+48hr', 'drug: Neratinib', 'time: 48', 'dosage: 0.1')	1.51531115473	-0.126237423857	-0.0718321037095	0.931937083833	-0.453603558298	0.0577030017891	-0.399202425283	0.87903875642	0.118471122295	0.332323378591	-0.692058826463	-0.0714065696752	0.0492652330391	0.273777323273	0.382824577162	-0.507950308393	0.091551564933	-0.333487614323	-0.738734405056	-0.116837755146	0.0587234021538
('Paclitaxel+0.00032+48hr', 'drug: Paclitaxel', 'time: 48', 'dosage: 0.00032')	1.24123568442	1.59677518459	0.309508033858	0.84353160448	0.0219926790577	0.460642310048	-0.420528345042	0.8345248071	0.426065566682	0.164287649441	-0.332433404678	0.031520301425	0.436281900396	1.01526058289	-0.0196254698276	0.337865009448	0.801164347325	1.3334116305	-0.22871962111	0.760312550055	0.334219293569
('Etoposide+10+48hr', 'drug: Etoposide', 'time: 48', 'dosage: 10')	1.43696844714	0.617015529878	-0.0651234178566	1.20417097575	-0.402197509637	0.00742953524424	-0.339844954212	4.06568717773	4.83111994591	0.142000197712	-0.647927342293	2.17673799326	0.0963767443638	0.325589558553	0.0923786831932	0.565854456725	0.744362523526	-0.307149706442	-0.651319874496	0.151061393242	-0.178623714729
('Palbociclib+1+48hr', 'drug: Palbociclib', 'time: 48', 'dosage: 1')	1.55099438683	0.135488144022	-0.0526535644436	1.12827841812	0.0549079686206	0.267055411535	-0.468353579245	0.536520547393	0.85777100809	0.191001848605	-0.511910365346	-0.0740260098688	1.06138778132	0.7153164933	0.00475232293925	0.456329244709	1.80105891627	-0.224027197429	-0.417628842757	0.051113315154	0.0408840948233
('Dasatinib+10+48hr', 'drug: Dasatinib', 'time: 48', 'dosage: 10')	1.47410069426	-0.340034083961	0.033877978202	1.20509348145	0.667188166439	0.128366913889	0.867931981259	1.90294141913	0.923217396007	5.70686079767	-0.659628558189	0.0935441456639	0.0657359899658	2.14964423626	4.55541301359	0.367368497811	0.368287857011	-0.211127866575	-0.583149281331	0.0130059939788	2.04576049655
('Paclitaxel+0.1+48hr', 'drug: Paclitaxel', 'time: 48', 'dosage: 0.1')	0.950700357466	0.457140990306	4.55989457335	0.275442853641	-0.152455003807	0.0682579903223	0.627475515537	2.97666110653	1.05948173007	0.452848549621	-0.400755285374	0.313153716398	-0.125513930059	1.03847505079	1.80004560915	0.672444514073	1.0660018644	0.550043284279	-0.464945252372	-0.310273559909	1.70518055389
('Vorinostat+0.01+48hr', 'drug: Vorinostat', 'time: 48', 'dosage: 0.01')	1.81023768797	1.29839790453	0.139695981982	0.848201530036	-0.0789510206612	0.172155204789	-0.511854102946	0.773165737843	0.387375093974	0.0632393629011	-0.555277036951	-0.033870518008	0.170903410858	0.437022089181	-0.108038685598	0.402808126386	0.501195448472	0.536516614043	-0.451774390607	0.226718847543	0.0376288542697
('Vorinostat+0.31623+48hr', 'drug: Vorinostat', 'time: 48', 'dosage: 0.31623')	1.77902633448	1.34698530699	0.437468260517	1.06174170727	-0.253395107242	0.12632274234	-0.53577424181	0.510221217151	0.628913323554	0.0512683246389	-0.548297770188	-0.000962293434639	0.220962673572	0.160101009219	-0.209372685631	0.188130623433	0.541134502613	0.60748960397	-0.539548054066	0.185137881284	-0.00940386952765
('Dasatinib+0.031623+48hr', 'drug: Dasatinib', 'time: 48', 'dosage: 0.031623')	0.51531958373	0.377482578813	0.0880728998489	-0.00661083477038	-0.62266258121	-0.0849576451585	-0.642437519856	0.296693516507	-0.00416287172534	-0.0463674581692	-0.631959158825	-0.113083673632	-0.238588609815	-0.638795957251	-0.309798769523	-0.238486766329	-0.0317812268019	-0.0374971281855	-0.689230326194	-0.311020648468	-0.688659494843
('Paclitaxel+0.031623+48hr', 'drug: Paclitaxel', 'time: 48', 'dosage: 0.031623')	-0.43725519497	-0.350628368856	0.671202179441	-0.418024455861	-0.882616583311	-0.157365875672	-0.67769439519	-0.0092814955397	-0.0471517881774	-0.174696857938	-0.662302582933	-0.0463744775365	-0.310952630216	-0.829287084758	-0.444274354119	-0.624922715876	-0.23619424986	-0.327486643032	-0.742396815102	-0.525248804469	-1.01709222059
('Paclitaxel+0.001+48hr', 'drug: Paclitaxel', 'time: 48', 'dosage: 0.001')	1.40672374323	1.35709759418	0.48330262989	1.0050346464	-0.0177869558006	0.280627042824	-0.405125355685	1.4799154398	0.673124203864	0.217543745437	-0.46427678945	0.0528298314865	0.248151061427	0.752855054567	0.0185256495196	0.243901698054	0.780495137578	0.917840551081	-0.412842831784	0.516018044056	0.445921278058
('Dasatinib+0.1+72hr', 'drug: Dasatinib', 'time: 72', 'dosage: 0.1')	-0.0354728327682	-0.224461867647	-0.0298249107987	0.0218750306624	1.12229979597	-0.0417120121192	2.3408208064	0.143971252896	-0.200591618472	0.0197496434637	0.119253792164	-0.0878568701333	-0.111205687877	1.26305036997	1.5330743825	0.62001025418	0.0928723858482	-0.138130750119	0.152848667867	-0.17060883604	0.255998220573
('Neratinib+0.01+72hr', 'drug: Neratinib', 'time: 72', 'dosage: 0.01')	-0.441576777471	-0.236792105516	-0.0791846186559	-0.493571753596	0.0692478392859	-0.132437674934	0.0879928531297	-0.246237163291	-0.306538545399	-0.250453450861	1.73654700369	-0.137622902328	-0.248427875434	-0.496037157363	-0.110531245429	0.214746157744	-0.324384554975	-0.0980546988443	1.09029742595	-0.0832375089006	-0.65696789424
('Dasatinib+1+72hr', 'drug: Dasatinib', 'time: 72', 'dosage: 1')	-0.277162189656	-0.394385068311	-0.0459880140098	-0.433139730816	1.55501449608	-0.0842714680801	4.93996755597	0.829147955335	-0.288813898626	0.212426626211	-0.282536462505	-0.0964180388623	-0.193347355397	1.23411633789	3.18808690639	1.00902289031	0.141390094083	-0.305256425643	-0.25563318271	-0.212298698875	1.12131031275
('Etoposide+0.1+72hr', 'drug: Etoposide', 'time: 72', 'dosage: 0.1')	-0.520605983076	-0.419165477777	-0.09986110374	-0.544902879057	-0.143032642425	-0.193035874223	0.656319249	-0.0390016994695	-0.253764330009	-0.26740869858	-0.168938707154	-0.142737168151	-0.273819614485	-0.703030920528	0.0291853974934	1.10566809889	-0.172629388426	-0.322773197846	-0.229405793475	-0.285825378461	-0.465553253325
('Paclitaxel+0.0001+72hr', 'drug: Paclitaxel', 'time: 72', 'dosage: 0.0001')	-0.460232876959	-0.263767312397	-0.0829792906106	-0.483970132053	0.0117303672126	-0.158525314932	0.0529167892682	-0.158153481361	-0.297827404376	-0.254751270778	0.624058792723	-0.134904300626	-0.246343472701	-0.626389637813	-0.144767213114	0.390798525689	-0.3206450382	-0.129943355644	0.164268914167	-0.169267480318	-0.484950244441
('Alpelisib+1+72hr', 'drug: Alpelisib', 'time: 72', 'dosage: 1')	-0.434257586323	-0.254317221558	-0.0740891382634	-0.360629149612	0.0587040997736	-0.13343140885	0.260721949341	-0.222905273716	-0.291774676937	-0.247002247695	1.125468428	-0.140301405321	-0.194591795475	-0.202134891962	-0.0774537736384	0.249107394353	-0.294902391718	-0.0920670094887	0.68191214819	-0.193574423158	-0.232583931365
('Neratinib+0.031623+72hr', 'drug: Neratinib', 'time: 72', 'dosage: 0.031623')	-0.348522771315	-0.223451894115	-0.0621780773211	-0.347350364104	-0.165685484062	-0.144959210534	0.178701365469	-0.185815171439	-0.287820204122	-0.218463773678	0.074890933958	-0.137535540739	-0.186344912557	-0.177564562105	0.0438794653844	-0.343281255656	-0.34827593196	-0.136778095063	0.149714622889	-0.166953030991	-0.378141322787
('Alpelisib+3.1623+72hr', 'drug: Alpelisib', 'time: 72', 'dosage: 3.1623')	-0.352455314405	-0.243391754114	-0.070270201652	-0.221431471345	-0.16956760787	-0.149386990866	0.474747240518	-0.338877939968	-0.279151569228	-0.216323548699	-0.427146093415	-0.135904016945	-0.178203312506	0.0994173600229	-0.0753827304955	-0.0125382017785	-0.303500787056	-0.340507934304	-0.261182174732	-0.315824007222	-0.0615554629374
('Neratinib+0.001+72hr', 'drug: Neratinib', 'time: 72', 'dosage: 0.001')	-0.456704341598	-0.246865046407	-0.0714915282681	-0.357942888359	-0.133298061608	-0.125844488344	-0.0509746960121	-0.358867839199	-0.24747964797	-0.232064876909	0.301712928434	-0.139490490736	-0.158633250099	-0.0190824018654	-0.250504319866	-0.207759174394	-0.297461767166	-0.120347550103	0.526061078536	-0.167852410051	-0.295754902804
('Trametinib+0.01+72hr', 'drug: Trametinib', 'time: 72', 'dosage: 0.01')	-0.372778056409	-0.478691059075	-0.0828564561859	-0.135380998312	-0.263823062808	-0.177237103041	1.11809769722	-0.317735029152	-0.271467778469	-0.16454172243	-0.674607122109	-0.122922869349	-0.259188414963	0.680435115476	1.67483576131	-0.707009770284	-0.330731628801	-0.508477707146	-0.682548129428	-0.484619282362	0.613874453847
('Alpelisib+0.31623+72hr', 'drug: Alpelisib', 'time: 72', 'dosage: 0.31623')	-0.464919343341	-0.263653451985	-0.0728346355273	-0.395999971785	-0.263962036799	-0.141333886218	-0.113499321052	-0.306931833849	-0.275769953325	-0.249968562147	0.538273919397	-0.14252729414	-0.21370177606	-0.140738862861	-0.265605011395	-0.128406515264	-0.326926234015	-0.120897608258	0.374731796466	-0.20793074115	-0.156585214946
('Vorinostat+0.1+72hr', 'drug: Vorinostat', 'time: 72', 'dosage: 0.1')	-0.515558386939	-0.263754587437	-0.0726125895525	-0.478603015886	-0.316399597149	-0.164771857529	-0.198341952053	-0.303564608527	-0.284515920664	-0.260795677754	1.11517257851	-0.13091716815	-0.242266763025	-0.592433378962	-0.284517792479	0.0796136349507	-0.353486177648	-0.134098090631	0.772384805944	-0.240227589555	-0.306135511101
('Trametinib+0.0003+72hr', 'drug: Trametinib', 'time: 72', 'dosage: 0.0003')	-0.469744402275	-0.324507417503	-0.0830159565654	-0.503012077305	-0.572124812678	-0.222386873827	-0.131838585229	-0.0808125660226	-0.311389092823	-0.274228154849	-0.364181641881	-0.152685049174	-0.323014422369	-0.939446297666	-0.265833974966	-0.249966129866	-0.412782387992	-0.188838146762	-0.469311271363	-0.310162963262	-0.56298901807
('Trametinib+0.001+72hr', 'drug: Trametinib', 'time: 72', 'dosage: 0.001')	-0.469177837681	-0.354715698387	-0.0804918571788	-0.52555515867	-0.451125013816	-0.213921921046	-0.0507733117249	0.0222432975979	-0.30852704062	-0.257698463834	0.178757066111	-0.160359054327	-0.308418320911	-0.813979580341	0.264481698891	-0.476152299097	-0.385921179231	-0.205522175593	-0.185215225708	-0.28299633163	-0.300612239829
('Palbociclib+3.1623+72hr', 'drug: Palbociclib', 'time: 72', 'dosage: 3.1623')	-0.408601897106	-0.427137586257	-0.0864564099095	-0.222186834407	0.543083306762	-0.100073863729	0.334396550206	0.0831229804138	-0.225563231388	-0.216182164191	2.08973699548	-0.131411396814	0.0104625529491	0.0166355945134	0.414404204428	1.73830801573	0.406462427258	-0.278941405841	1.24382705982	-0.364328738641	0.336758897497
('Trametinib+0.0031623+72hr', 'drug: Trametinib', 'time: 72', 'dosage: 0.0031623')	-0.41608341936	-0.388322490763	-0.0693620241994	-0.363497359496	-0.227579520181	-0.180190554732	0.347632177228	-0.0303483812896	-0.2690079334	-0.184398796749	-0.14517096309	-0.143934590161	-0.24681342269	-0.344049227855	1.2272228339	-0.670392043957	-0.302997201792	-0.21100642791	-0.383304218813	-0.306880803379	0.206504580818
('Etoposide+0.01+72hr', 'drug: Etoposide', 'time: 72', 'dosage: 0.01')	-0.492258446972	-0.268764002153	-0.0761736821322	-0.405489089653	-0.14319046563	-0.13197903732	-0.264459976056	-0.283116501411	-0.238286310331	-0.248319268147	1.08122647029	-0.136477437975	-0.173159702496	-0.418532629692	-0.289593630388	-0.147336661209	-0.320698902879	-0.0610090569506	0.583352309342	-0.139894531797	-0.27625319085
('Palbociclib+0.031623+72hr', 'drug: Palbociclib', 'time: 72', 'dosage: 0.031623')	-0.453203825138	-0.231144119377	-0.0760038337625	-0.354190483985	-0.149514129544	-0.134856142289	-0.0681518528908	-0.329177665115	-0.246516455622	-0.236649951035	0.102692446322	-0.127839240614	-0.166540143379	-0.327013710996	-0.282302754103	-0.231907396719	-0.32600035131	-0.139867910157	0.282888108356	-0.137558996866	-0.265246107823
('DMSO+0+72hr', 'drug: DMSO', 'time: 72', 'dosage: 0')	-0.495637352887	-0.307034530381	-0.0746589229331	-0.413149855249	-0.424412494156	-0.184802227913	-0.431509483183	-0.388221185888	-0.268359043174	-0.261117737465	0.061415572236	-0.147567314867	-0.256935696969	-0.442726083407	-0.421296330831	-0.288727640616	-0.39385700033	-0.195109127125	0.0421637268434	-0.296645991226	-0.188420869595
('Etoposide+1+72hr', 'drug: Etoposide', 'time: 72', 'dosage: 1')	-0.35435782588	-0.352731856013	-0.07595064041	0.067926104405	0.573080956942	-0.0013494593995	0.363402400247	0.165742161728	0.866760410335	-0.126962484613	0.0902326601643	0.31522491201	0.17168525432	0.584190806089	0.504934471266	0.763076965993	0.378084177291	-0.345372159302	0.327456097327	0.120525190696	0.433096069
('Alpelisib+0.031623+72hr', 'drug: Alpelisib', 'time: 72', 'dosage: 0.031623')	-0.495122641112	-0.256963700324	-0.0654046267898	-0.39205375717	-0.33898944735	-0.14242661921	-0.314047131056	-0.300635412058	-0.266211606275	-0.24617097252	0.420908779985	-0.125584750494	-0.190555062254	-0.254265079159	-0.322612539491	-0.217426757348	-0.347274620655	-0.133412143993	0.4468443227	-0.17358162774	-0.265450682461
('Vorinostat+0.031623+72hr', 'drug: Vorinostat', 'time: 72', 'dosage: 0.031623')	-0.487897590392	-0.243482934377	-0.060032237663	-0.433230663294	-0.394169214586	-0.182829739132	-0.331801635287	-0.227399202728	-0.278808087276	-0.263747256135	0.150888941725	-0.145206561547	-0.24758972538	-0.67743043148	-0.348540494629	-0.0547743998008	-0.363069297086	-0.11258081813	-0.0132220245488	-0.244575147772	-0.274364148014
('Trametinib+0.31623+72hr', 'drug: Trametinib', 'time: 72', 'dosage: 0.31623')	-0.512406989152	-0.524725699608	-0.0898687843714	-0.464915237082	-0.477826161149	-0.193453230656	0.471312170645	0.0328344282132	-0.307060740636	-0.153759120638	-0.677204032204	-0.134891921845	-0.270637178323	-0.167619972438	2.57395201286	-0.626477452745	-0.368910742844	-0.531805189377	-0.727573017311	-0.559382853777	0.924627456262
('Neratinib+0.31623+72hr', 'drug: Neratinib', 'time: 72', 'dosage: 0.31623')	-0.356281974297	-0.520383816687	-0.0438613229327	-0.381731816921	-0.318041974742	-0.181914875698	0.841367233231	0.14113174729	-0.307836317932	0.0116307333411	-0.686982430379	-0.122622455213	-0.279688617634	0.177087085618	1.38597364186	-0.610998833382	-0.357266537865	-0.520471888356	-0.736111617113	-0.538540631165	1.067234551
('Dasatinib+3.1623+72hr', 'drug: Dasatinib', 'time: 72', 'dosage: 3.1623')	-0.258667459605	-0.41763504058	-0.00565950438253	-0.295895386088	2.40510951247	0.273786667041	2.79462732419	0.870331002555	-0.221808564238	0.500999794293	-0.39424199464	0.0902541610999	0.0894471957264	2.77094340077	3.19223639745	0.306063330053	0.278767065786	-0.426744095844	-0.148489391638	-0.35434204856	3.79082424752
('Palbociclib+10+72hr', 'drug: Palbociclib', 'time: 72', 'dosage: 10')	-0.46178129409	-0.459679300346	-0.087543454164	-0.241203053392	0.388542169406	-0.101654319373	0.139760035083	-0.116690104589	-0.246774976779	-0.224942358936	1.86943055262	-0.123969663774	0.0222469236964	0.122762489658	0.485045069203	1.5911694322	0.396169898679	-0.34652146792	1.23541195795	-0.408290482929	0.732481951596
('Palbociclib+0.1+72hr', 'drug: Palbociclib', 'time: 72', 'dosage: 0.1')	-0.435718800728	-0.312589348269	-0.0839518850483	-0.3153370648	-0.277745882119	-0.166113163689	-0.314689842114	-0.248532275541	-0.248203062256	-0.250768993588	0.571749738881	-0.137327034035	-0.20685338267	-0.487899569228	-0.251700842241	0.0996033683869	-0.208358187716	-0.154293744454	0.160929102832	-0.32024043127	0.00650014906732
('Paclitaxel+0.0031623+72hr', 'drug: Paclitaxel', 'time: 72', 'dosage: 0.0031623')	-0.225141220688	-0.474394485069	-0.08180598441	-0.0574602688837	0.154275731022	-0.165934547637	0.463992251637	0.72273814273	0.413406508676	-0.121113837424	-0.0312037464295	-0.0701627028497	-0.119350325376	0.245301750364	0.665325066687	0.583697229755	-0.0576687722563	-0.355830967048	-0.0575939236022	-0.361326194017	0.761781512089
('Etoposide+0.031623+72hr', 'drug: Etoposide', 'time: 72', 'dosage: 0.031623')	-0.509162043105	-0.333546832015	-0.0827596625794	-0.406075908827	-0.322509627898	-0.14970263773	-0.387016862355	-0.340014649751	-0.204149201828	-0.258452809335	0.707866631244	-0.133894968468	-0.171536153141	-0.320843731041	-0.368312138956	-0.172920959455	-0.29110919722	-0.143527892504	0.703644042384	-0.2438118186	-0.161308954691
('Etoposide+3.1623+72hr', 'drug: Etoposide', 'time: 72', 'dosage: 3.1623')	-0.391854641472	-0.310206055404	-0.0867546645465	-0.150703065336	-0.186749124746	-0.126744626153	0.318643900441	0.35101519418	1.34320574928	-0.185237065845	-0.439144633553	0.686893211797	-0.168825978001	0.421687872738	0.216885880348	0.576776666773	-0.0510743294743	-0.390329667498	-0.37693387493	-0.0462246023585	0.776116316358
('Vorinostat+1+72hr', 'drug: Vorinostat', 'time: 72', 'dosage: 1')	-0.348836204294	-0.370014628447	-0.0795206402337	-0.173510683293	-0.582908967117	-0.194905991286	-0.264431809853	-0.455061254894	-0.144866252393	-0.241367541013	-0.504141070079	-0.130338173017	-0.170188738548	-0.227360576426	-0.324042758617	-0.0840223280604	-0.279244542405	-0.422429717259	-0.464322644717	-0.444700648568	-0.148693156045
('Alpelisib+0.01+72hr', 'drug: Alpelisib', 'time: 72', 'dosage: 0.01')	-0.468040149675	-0.313893731266	-0.0832504081826	-0.432671182537	-0.514505301314	-0.203051892725	-0.376882251246	-0.24899718106	-0.262992737303	-0.270449180355	-0.076079347672	-0.153780055324	-0.286685399317	-0.697569284556	-0.38719149499	-0.0791265267462	-0.363432890937	-0.1791731621	-0.305468889822	-0.356545700131	-0.12918492942
('Alpelisib+10+72hr', 'drug: Alpelisib', 'time: 72', 'dosage: 10')	-0.365251283363	-0.423871544583	-0.0917020385551	-0.358735013052	-0.514800695501	-0.214732269682	0.00793041626234	-0.17969187243	-0.315616732073	-0.265640801186	-0.510987003217	-0.151978565268	-0.30290105815	-0.396273307612	-0.0199749269457	-0.0115849413342	-0.415027750609	-0.38053276966	-0.583018327338	-0.485276852188	0.415082837126
('Palbociclib+0.31623+72hr', 'drug: Palbociclib', 'time: 72', 'dosage: 0.31623')	-0.467736879689	-0.336202117411	-0.092775978546	-0.431133898093	-0.410707735706	-0.150060712045	-0.441297513584	-0.189756852952	-0.274203884877	-0.260653724525	0.415474139126	-0.149783327897	-0.245905369792	-0.708338339466	-0.28908456445	0.216160645858	-0.227092452862	-0.191458701907	-0.144845613674	-0.375186946043	-0.060448534105
('Neratinib+0.0032+72hr', 'drug: Neratinib', 'time: 72', 'dosage: 0.0032')	-0.514047621055	-0.337093519718	-0.0738315408923	-0.487728025704	-0.492412250586	-0.202476217689	-0.577000389103	-0.214004980704	-0.287161550982	-0.259230324554	0.803883384874	-0.152717948781	-0.28721618416	-0.776455636356	-0.404946137604	-0.222787757358	-0.395441473391	-0.153359244846	-0.0784107287566	-0.327389841007	-0.286396486211
('Vorinostat+3.1623+72hr', 'drug: Vorinostat', 'time: 72', 'dosage: 3.1623')	-0.465428688175	-0.522564690721	-0.108342459121	-0.0394940005659	-0.727478756737	-0.232787780513	-0.358060782386	-0.504352539026	-0.138330886758	-0.248724340357	-0.577959527365	-0.119563680723	-0.179350344726	-0.639812224138	-0.335629734214	-0.530185812827	-0.418344711789	-0.547548055196	-0.661287589397	-0.538962936841	-0.149828846613
('Dasatinib+0.31623+72hr', 'drug: Dasatinib', 'time: 72', 'dosage: 0.31623')	-0.0327870443632	-0.396597923682	-0.0472111039465	-0.0345187660042	-0.248552854596	-0.153951104229	1.63976894244	0.38729450575	-0.180980512408	0.0948124807462	-0.542764810432	-0.104637741552	-0.262445340568	0.28513416594	2.31498879814	0.352485740823	0.0400631349929	-0.366661497176	-0.598417720865	-0.524383836511	2.27333236783
('Dasatinib+0.01+72hr', 'drug: Dasatinib', 'time: 72', 'dosage: 0.01')	-0.527555080572	-0.328420044106	-0.0737651741485	-0.46330309108	-0.20408389598	-0.171502854213	-0.372385021253	-0.340367121602	-0.297677143632	-0.252342678629	1.35747949622	-0.142380046624	-0.263877280135	-0.349208414083	-0.0937135360797	-0.149713535571	-0.388428238927	-0.120369400404	0.980944629211	-0.261218007205	0.0784830465559
('Paclitaxel+0.01+72hr', 'drug: Paclitaxel', 'time: 72', 'dosage: 0.01')	-0.0548325895133	-0.469302969656	-0.0379277583099	0.106228085739	0.678496604065	-0.059663177855	0.875412114589	1.4169085127	0.501455579286	0.00263944327351	-0.0296092557425	0.0124007054004	0.0159866424956	1.95492506481	1.42034737464	0.885988727151	0.209396548336	-0.366641753908	0.268895050625	-0.292334420583	2.01236030273
('Palbociclib+0.01+72hr', 'drug: Palbociclib', 'time: 72', 'dosage: 0.01')	-0.470213335518	-0.306877669986	-0.0767404902	-0.409357230278	-0.544634130704	-0.197079442265	-0.454129100652	-0.379641914068	-0.278680087085	-0.257121678107	-0.188148037427	-0.157016114238	-0.266442640461	-0.39815990558	-0.459514387843	-0.236120620128	-0.416606766126	-0.239910394823	-0.0594338871701	-0.335583950358	-0.306472091656
('Neratinib+1+72hr', 'drug: Neratinib', 'time: 72', 'dosage: 1')	-0.411757315526	-0.527967356651	-0.0964936295517	-0.410783845152	-0.584412942474	-0.2207259988	0.304562559426	-0.276192695003	-0.311222525403	-0.190391264348	-0.701843968624	-0.132597011631	-0.31605168632	-0.139857940901	0.839086969847	-0.735140861309	-0.452170310797	-0.541342396885	-0.768018980661	-0.576235585888	0.97939753392
('Trametinib+0.1+72hr', 'drug: Trametinib', 'time: 72', 'dosage: 0.1')	-0.490206359804	-0.531409468613	-0.0937826404173	-0.429368258166	-0.446678053046	-0.206526195359	-0.0901316816751	-0.293571693813	-0.311157092317	-0.165532537375	-0.693546184461	-0.151441931411	-0.3203620042	-0.0382478794068	2.12535974313	-0.7536393571	-0.421017950525	-0.540000452538	-0.745905499991	-0.572598647224	0.857082211354
('Vorinostat+10+72hr', 'drug: Vorinostat', 'time: 72', 'dosage: 10')	-0.422278934434	-0.539880991532	-0.0969013869588	-0.13004095501	-0.532476148422	-0.221162702449	-0.0760205833074	-0.420829568718	-0.133747183098	-0.201122027329	-0.699344981763	-0.111251824818	-0.235718879754	-0.202399332136	0.276367171033	-0.596614048819	-0.48304470603	-0.549722063032	-0.760093426392	-0.525022326172	0.636791053112
('Alpelisib+0.1+72hr', 'drug: Alpelisib', 'time: 72', 'dosage: 0.1')	-0.491003285326	-0.341224480833	-0.0858536128182	-0.431326786622	-0.575335050523	-0.217815163887	-0.546462691353	-0.32165772289	-0.282992963952	-0.273380598555	-0.131704917354	-0.156735773706	-0.312253450094	-0.717910476733	-0.415801237838	-0.177074309202	-0.410134495116	-0.218628495388	-0.334070613192	-0.415248309831	-0.158804113918
('Etoposide+0.31623+72hr', 'drug: Etoposide', 'time: 72', 'dosage: 0.31623')	-0.382547787701	-0.468284784925	-0.0863774896355	-0.175563189459	-0.319884686524	-0.187044202195	-0.298496219042	-0.0656486739679	0.119819087578	-0.246858459564	-0.222579511778	-0.133330229536	-0.176990941165	-0.271222273238	-0.171127286545	0.595303453458	-0.105019989446	-0.399806601145	-0.118596184609	-0.43517205902	0.259089059864
('Trametinib+0.031623+72hr', 'drug: Trametinib', 'time: 72', 'dosage: 0.031623')	-0.479817154256	-0.534764249895	-0.102341972371	-0.357173579914	-0.498869706069	-0.23212713293	-0.0331707660426	-0.362043242691	-0.321623472149	-0.230852183494	-0.696882265525	-0.155942552577	-0.331460318973	-0.0910785257661	1.65777416294	-0.80540414278	-0.491324129078	-0.545681150272	-0.766683990329	-0.583715511044	0.746576740838
('Neratinib+0.1+72hr', 'drug: Neratinib', 'time: 72', 'dosage: 0.1')	-0.356924041466	-0.44754921812	-0.0842767760767	-0.352353515786	-0.612126596854	-0.243208711631	0.10989832273	-0.271767414533	-0.324023092773	-0.260340342011	-0.674524202289	-0.156672706015	-0.313897528018	-0.157674977582	0.284437941865	-0.520915834714	-0.440343351568	-0.520605835473	-0.70276951241	-0.53261071005	0.681652673102
('Paclitaxel+0.00032+72hr', 'drug: Paclitaxel', 'time: 72', 'dosage: 0.00032')	-0.510229574872	-0.343462827606	-0.0695893713474	-0.42072320617	-0.645919130414	-0.192285413874	-0.510116139233	-0.413219928231	-0.285630783305	-0.272777437757	-0.112880695781	-0.151438822145	-0.270075122765	-0.326848797881	-0.470518146946	-0.369852791924	-0.403640988787	-0.304711862748	-0.0256729009962	-0.364950140175	-0.248139844683
('Etoposide+10+72hr', 'drug: Etoposide', 'time: 72', 'dosage: 10')	-0.410070917162	-0.519333632062	-0.0990085108064	-0.0727623251608	-0.619106542962	-0.118026111075	0.293602719781	-0.0131972246471	0.388386973339	-0.24589654496	-0.668601947171	0.154524475474	-0.167454687987	-0.00672800462004	-0.110653229387	0.926556955478	-0.221313463028	-0.535601208759	-0.699262832695	-0.514146790166	0.602504615866
('Palbociclib+1+72hr', 'drug: Palbociclib', 'time: 72', 'dosage: 1')	-0.255688023249	-0.355521093534	-0.0675539122998	-0.181585450553	-0.343397214954	-0.180057045223	-0.269780689685	-0.328751292153	-0.217276937342	-0.239900076437	-0.347155483783	-0.14256104467	-0.210688977274	-0.164570863259	-0.222049583487	0.559819494918	-0.121418791413	-0.373942590713	-0.261447670445	-0.484199803945	0.339839853576
('Dasatinib+10+72hr', 'drug: Dasatinib', 'time: 72', 'dosage: 10')	-0.0368932177347	-0.520525868242	-0.0867949503555	-0.0417087391974	-0.869873988041	-0.207879541119	1.67149578633	0.00568087117498	-0.286257245016	-0.0401336767681	-0.702824598396	-0.0240537613071	-0.211181084329	-0.368417156727	1.580087482	-0.67273016394	-0.390435358718	-0.546036170252	-0.776625539223	-0.595692394983	1.5446974223
('Paclitaxel+0.1+72hr', 'drug: Paclitaxel', 'time: 72', 'dosage: 0.1')	0.127251539662	-0.405556539613	0.0277230030808	0.118671686888	-0.0381502043404	-0.174353002402	1.84019667178	1.47269003501	0.166449652608	-0.155622562258	-0.330303767627	-0.104184019875	-0.268334149553	0.6859007463	1.49918746886	0.705678285641	-0.090717642915	-0.454131059262	-0.422735266214	-0.552909125827	2.65710785904
('Vorinostat+0.01+72hr', 'drug: Vorinostat', 'time: 72', 'dosage: 0.01')	-0.46041513312	-0.356544614431	-0.0727440506402	-0.42611987489	-0.611168223882	-0.220259092399	-0.574342556856	-0.401114447128	-0.296526743731	-0.273539140136	-0.409410722442	-0.155492490832	-0.304875360337	-0.613655729828	-0.499025576045	-0.256767368668	-0.440838278755	-0.30765476391	-0.359174965576	-0.440675140948	-0.237707720009
('Vorinostat+0.31623+72hr', 'drug: Vorinostat', 'time: 72', 'dosage: 0.31623')	-0.469647403139	-0.339397664038	-0.0811031865105	-0.382079528871	-0.659011438575	-0.225718588005	-0.589979843335	-0.516191058136	-0.253771487085	-0.267056471754	-0.382029761104	-0.140995134528	-0.294093873997	-0.564718332065	-0.505698289012	-0.18243360159	-0.410893389169	-0.351119123659	-0.359674334231	-0.46366862537	-0.210760848147
('Dasatinib+0.031623+72hr', 'drug: Dasatinib', 'time: 72', 'dosage: 0.031623')	-0.360929191757	-0.369048680812	-0.0584639653907	-0.312103535287	-0.396778533918	-0.232193373781	0.0116983753071	-0.328706649729	-0.296844806229	-0.258266994155	-0.609613480755	-0.148430437266	-0.327036196576	-0.241907907793	0.0727054307411	-0.0183411594621	-0.428560341339	-0.46524291172	-0.560264665172	-0.508308017954	0.665407659079
('Paclitaxel+0.031623+72hr', 'drug: Paclitaxel', 'time: 72', 'dosage: 0.031623')	0.0938339675111	-0.466169884543	0.0197183846472	0.189965351226	0.0464603960735	0.0624300314173	1.26264514441	1.52016662518	0.206076934433	-0.127822772155	-0.393838102085	-0.0962143544714	0.127357889969	1.33483698942	1.0803679059	0.731794883289	-0.0565317172845	-0.463472024092	-0.35611059442	-0.494512559242	2.29012922889
('Paclitaxel+0.001+72hr', 'drug: Paclitaxel', 'time: 72', 'dosage: 0.001')	-0.469520740727	-0.411926145318	-0.0710923295445	-0.357730645728	-0.561846690635	-0.196550576391	-0.390234059307	-0.159676712875	-0.12393078144	-0.265124162435	-0.309241299863	-0.133813210121	-0.268766140448	-0.156747639593	-0.312726862346	-0.202651470351	-0.326683012213	-0.363006935874	-0.187387452949	-0.409457798543	0.137252746323
