	('Cy3_0001', 'location: nuc')	('Cy3_0002', 'location: nuc')	('Cy3_0003', 'location: nuc')	('Cy3_0004', 'location: nuc')	('Cy3_0005', 'location: nuc')	('Cy3_0006', 'location: nuc')	('Cy3_0007', 'location: nuc')	('Cy5_0001', 'location: nuc')	('Cy5_0002', 'location: nuc')	('Cy5_0003', 'location: nuc')	('Cy5_0004', 'location: nuc')	('Cy5_0005', 'location: nuc')	('Cy5_0006', 'location: nuc')	('Cy5_0007', 'location: nuc')	('FITC_0001', 'location: nuc')	('FITC_0002', 'location: nuc')	('FITC_0003', 'location: nuc')	('FITC_0004', 'location: nuc')	('FITC_0005', 'location: nuc')	('FITC_0006', 'location: nuc')	('FITC_0007', 'location: nuc')
('Dasatinib+0.1+24hr', 'drug: Dasatinib', 'time: 24', 'dosage: 0.1')	1.06650566161	0.152215711087	-0.0486744758737	0.617651836242	-0.234022312388	-0.566875876606	0.758126584201	0.336062508276	0.00317669871127	0.15757657716	-0.47035752537	-0.235708242191	-0.37225277325	2.59240818924	0.0404412283442	-0.321919961325	-0.171013453935	-0.204877757097	-0.589038384423	-0.374046761373	0.135325571715
('Neratinib+0.01+24hr', 'drug: Neratinib', 'time: 24', 'dosage: 0.01')	0.351147679654	0.317721825788	-0.0481611939837	-0.241028282039	-0.581488423183	-0.514037867451	-0.495045426885	-0.0332657295465	-0.228926314649	-0.3797029158	-0.221024245966	-0.348418172019	-0.499357008662	0.256642863202	-0.84276108526	-0.611326612315	-0.41573177205	0.0604992289001	-0.514420377769	-0.0774681657541	-0.65457266379
('Dasatinib+1+24hr', 'drug: Dasatinib', 'time: 24', 'dosage: 1')	0.144114277243	-0.448510478827	-0.120738981766	-0.324163209017	0.0269203759505	-0.756461631244	2.5757909538	0.310827700328	-0.297298966325	0.437104205702	-0.553371180415	-0.373924663043	-0.551923432377	3.17506180407	0.929656567971	-0.0484378972405	-0.233400023293	-0.614158988494	-0.638915622938	-0.550410603538	1.05561436748
('Etoposide+0.1+24hr', 'drug: Etoposide', 'time: 24', 'dosage: 0.1')	0.257545584503	-0.127615478087	-0.123670835818	-0.356463955556	-0.662172605386	-0.728563644889	-0.255546454619	0.184984078788	-0.00502216354377	-0.41879379759	-0.586205113679	-0.376753715595	-0.551654347053	0.308972615799	-0.805568051984	-0.178543928069	-0.109417830587	-0.285393376397	-0.677514637179	-0.289297319701	-0.52390276053
('Paclitaxel+0.0001+24hr', 'drug: Paclitaxel', 'time: 24', 'dosage: 0.0001')	0.364177789366	0.287841418573	-0.0605456874542	-0.21865367131	-0.594522831128	-0.615746971756	-0.557183438547	-0.014518182968	-0.218276857189	-0.388458199459	-0.415099194527	-0.36076238426	-0.512813232769	0.27313864442	-0.850379407636	-0.48026877068	-0.404773326468	0.131899900876	-0.620371700933	-0.171778613014	-0.509649529118
('Alpelisib+1+24hr', 'drug: Alpelisib', 'time: 24', 'dosage: 1')	0.489501572487	0.407841219485	-0.0545820478074	0.108511880794	-0.619356079599	-0.483448434361	-0.436967611853	0.0402096266528	-0.150793499798	-0.334021723965	-0.310492778705	-0.319833271849	-0.388525189574	0.811734463088	-0.714713366549	-0.551401264455	-0.343822327314	0.283115080202	-0.54883307452	-0.130219453302	-0.290939950698
('Neratinib+0.031623+24hr', 'drug: Neratinib', 'time: 24', 'dosage: 0.031623')	0.544509992217	0.257182471783	-0.031558826418	-0.0161184946974	-0.835638764864	-0.581778069018	-0.619369111637	0.191882344681	-0.185754562386	-0.296841647058	-0.574069352096	-0.336721080139	-0.426786532708	0.408917886521	-0.802625240332	-0.906929875276	-0.464386929685	-0.00249059424719	-0.655974949431	-0.224934590703	-0.662254302255
('Alpelisib+3.1623+24hr', 'drug: Alpelisib', 'time: 24', 'dosage: 3.1623')	0.550816032413	0.273870289548	-0.0724489397732	0.27373302878	-0.800806435717	-0.672182455507	-0.328630494519	-0.0830597030163	-0.152462134352	-0.312800622715	-0.655507728838	-0.323296654633	-0.432687996977	0.897385804967	-0.582130013419	-0.681707890443	-0.426459413199	-0.450983302463	-0.696900470671	-0.487432322682	-0.233212513654
('Neratinib+0.001+24hr', 'drug: Neratinib', 'time: 24', 'dosage: 0.001')	0.345403059247	0.383079262066	-0.0117621721825	0.0419153846586	-0.684908741389	-0.497949319197	-0.595894862249	-0.0325755479659	-0.0543143634939	-0.322801900328	-0.489467632364	-0.303930504637	-0.362169610355	1.08787905512	-0.859428375157	-0.754620395993	-0.378911687503	0.12941175664	-0.578788125342	-0.110589095877	-0.339043952149
('Trametinib+0.01+24hr', 'drug: Trametinib', 'time: 24', 'dosage: 0.01')	0.563299602539	-0.50217755023	-0.106490375052	0.486282617562	-0.994623619536	-0.885985414688	-0.160661149163	0.0470583598055	-0.0527163770892	-0.098006490075	-0.709217978178	-0.348970930278	-0.523554334448	1.04826869026	-0.285952768917	-1.05407978957	-0.549078087145	-0.839032461053	-0.759902256332	-0.785723696638	0.00565212598208
('Alpelisib+0.31623+24hr', 'drug: Alpelisib', 'time: 24', 'dosage: 0.31623')	0.324442246893	0.273119400278	-0.00807293394897	-0.0497125799285	-0.811660404551	-0.531364727975	-0.677767695371	-0.0028380797562	-0.138033919118	-0.369875205347	-0.466153289248	-0.341803918199	-0.412031232176	0.819583853056	-0.857294999049	-0.753443014745	-0.408837934978	0.133964126596	-0.615018246237	-0.249095216203	-0.329122612085
('Vorinostat+0.1+24hr', 'drug: Vorinostat', 'time: 24', 'dosage: 0.1')	0.23411237777	0.323896845239	-0.0243945727862	-0.210187959993	-0.820073314803	-0.561998843377	-0.764123034936	-0.139041388851	-0.158823100275	-0.396814960961	-0.37100450129	-0.305765230099	-0.456314759423	0.199432475854	-0.928163835797	-0.707292686206	-0.428910257633	0.142214806817	-0.572805020051	-0.233132988502	-0.516087560457
('Trametinib+0.0003+24hr', 'drug: Trametinib', 'time: 24', 'dosage: 0.0003')	0.283566359909	0.0503911583506	-0.0626094754227	-0.292994806525	-0.964868244987	-0.780369913448	-0.746363909618	0.0412921504688	-0.256978954797	-0.434839867673	-0.652441028327	-0.418359603091	-0.573549793596	-0.391434835015	-0.963957592265	-0.878939070485	-0.491105748132	0.0664803499445	-0.729918703265	-0.442718007317	-0.779591440362
('Trametinib+0.001+24hr', 'drug: Trametinib', 'time: 24', 'dosage: 0.001')	0.240048407128	-0.0400060670891	-0.0529467039902	-0.346191791921	-0.959183735773	-0.760647005498	-0.706984769828	0.102022473414	-0.250456282446	-0.401188407236	-0.549446666051	-0.411041595409	-0.568371874429	-0.310525387786	-0.832593379545	-0.987266370708	-0.481185140319	-0.040615393231	-0.695991647517	-0.358356417372	-0.614612558041
('Palbociclib+3.1623+24hr', 'drug: Palbociclib', 'time: 24', 'dosage: 3.1623')	0.527150974376	-0.190121476304	-0.107835789523	0.41990936124	-0.30002241793	-0.442384246655	-0.464990409671	0.1146604337	0.191412575377	-0.266085053217	-0.102011611317	-0.352712487598	0.0714950938157	1.1351309893	-0.649299831566	0.0519735616255	0.796229725552	-0.23723875683	-0.476865509348	-0.415806120939	0.0757549764811
('Trametinib+0.0031623+24hr', 'drug: Trametinib', 'time: 24', 'dosage: 0.0031623')	0.304171668078	-0.175325701931	-0.0797248646952	-0.069895210641	-0.949811073892	-0.77385377354	-0.55615875428	0.236524082671	-0.103130048975	-0.20648686749	-0.592589982173	-0.365750926727	-0.500071615165	0.0482866657175	-0.517658952909	-1.05118532379	-0.425364826409	-0.162603257705	-0.720609554952	-0.428508064212	-0.294269311444
('Etoposide+0.01+24hr', 'drug: Etoposide', 'time: 24', 'dosage: 0.01')	0.213023613992	0.283652912598	-0.0344394688455	-0.0843621224248	-0.71051709557	-0.507718819717	-0.756441679334	0.0346603177577	-0.0466372871395	-0.355618417111	-0.332723660892	-0.319009424075	-0.371560110044	0.511724754948	-0.897348356456	-0.745312782557	-0.385411207427	0.228446543407	-0.570938402559	-0.0994426088104	-0.381256461134
('Palbociclib+0.031623+24hr', 'drug: Palbociclib', 'time: 24', 'dosage: 0.031623')	0.323111304404	0.327059187871	-0.0227012323134	0.00438114993404	-0.715841861395	-0.543622058803	-0.6360494028	-0.0196472434371	-0.0982149997035	-0.344161811929	-0.545429020951	-0.332090953738	-0.385174565514	0.539826214012	-0.900817077024	-0.784231415097	-0.408718580201	0.0661356407812	-0.615726833716	-0.182386258582	-0.366147032478
('DMSO+0+24hr', 'drug: DMSO', 'time: 24', 'dosage: 0')	0.180177802265	0.100481469388	-0.0150979891968	-0.12723958186	-0.885429694285	-0.693450641602	-0.844163644959	-0.0913851467868	-0.138564980401	-0.401525615978	-0.556690602145	-0.378307715834	-0.489869064976	0.373936902091	-0.939737258935	-0.806196464145	-0.488660156488	-0.0151695376908	-0.655933063835	-0.438266801919	-0.335362324318
('Etoposide+1+24hr', 'drug: Etoposide', 'time: 24', 'dosage: 1')	0.120953458314	-0.258738004709	-0.135911717352	0.7095239873	-0.334501034889	-0.460573738125	-0.411212906029	0.759925021484	2.87203133869	-0.163724036599	-0.548053790409	0.608698723404	0.0359751855469	1.64600469521	-0.568214781604	-0.354207164491	0.524490780086	-0.594394349247	-0.611959486726	-0.0818861654126	0.162418804525
('Alpelisib+0.031623+24hr', 'drug: Alpelisib', 'time: 24', 'dosage: 0.031623')	0.246371804344	0.252041056544	-0.00920296414325	-0.066243992893	-0.8403107297	-0.544029598689	-0.781228976289	-0.0142915204282	-0.133382118541	-0.375679401847	-0.49085043968	-0.342870535579	-0.416601064267	0.652178292862	-0.919734097212	-0.798557521036	-0.433483224565	0.0989112417628	-0.605770886675	-0.229831443452	-0.422372839922
('Vorinostat+0.031623+24hr', 'drug: Vorinostat', 'time: 24', 'dosage: 0.031623')	0.253916533977	0.303937814531	0.0115070751229	-0.162605736479	-0.866657286478	-0.648908263263	-0.810019794155	-0.0340467524708	-0.168035508952	-0.401995810325	-0.544200888344	-0.356247857739	-0.484848648673	-0.0221638016303	-0.936690808006	-0.733473487275	-0.446120348768	0.173388367858	-0.66296045164	-0.321941308939	-0.458867371308
('Trametinib+0.31623+24hr', 'drug: Trametinib', 'time: 24', 'dosage: 0.31623')	0.165426739995	-0.700102696351	-0.157427758171	-0.0543638051519	-1.099734038	-0.944012724946	-0.415616346155	0.108569759937	-0.133149644721	0.216563549173	-0.704848889981	-0.430219966675	-0.597478491399	0.124183467167	-0.00417052229975	-1.00783383974	-0.636473732441	-0.877082606056	-0.763888569969	-0.901554998363	0.385466767644
('Neratinib+0.31623+24hr', 'drug: Neratinib', 'time: 24', 'dosage: 0.31623')	0.271483258402	-0.662805259056	-0.12203146072	-0.00586493244783	-0.977435276295	-0.885740325796	-0.0533044199448	0.139323083925	-0.298075096327	0.00109690952557	-0.706699827893	-0.33254912671	-0.592578215083	0.854384256683	0.141882430173	-0.923662642238	-0.610461146907	-0.844785195286	-0.761403982902	-0.863141234585	0.872067095544
('Dasatinib+3.1623+24hr', 'drug: Dasatinib', 'time: 24', 'dosage: 3.1623')	-0.325769137038	-0.628187729225	-0.111555428203	-0.182977745112	0.46339529059	-0.490958239495	1.61116040706	0.130732140006	-0.243016007005	0.89985384688	-0.571643973968	-0.168637118718	-0.384019335487	5.47339729167	0.98762969392	-0.301706167129	-0.295874229825	-0.834007984099	-0.586159852521	-0.775682034352	4.19197867604
('Palbociclib+10+24hr', 'drug: Palbociclib', 'time: 24', 'dosage: 10')	0.395611486508	-0.366635158941	-0.139867267147	0.44783471611	-0.374167715252	-0.460464447239	-0.574774121528	0.0066400127402	0.106428297333	-0.271661754606	-0.104321789104	-0.332239992019	0.132725799735	1.23534079458	-0.611421959524	0.0178729674402	0.802685753912	-0.337889868304	-0.455734806811	-0.521416017772	0.397750631415
('Palbociclib+0.1+24hr', 'drug: Palbociclib', 'time: 24', 'dosage: 0.1')	0.463788501587	0.205237417367	-0.0557477507037	0.078851924594	-0.804005776941	-0.606702041443	-0.801943859486	0.0669350708077	-0.0531858182087	-0.375702173385	-0.453587748907	-0.350508485266	-0.385487233267	0.286297420158	-0.900146329447	-0.653244951817	-0.219998985932	0.24801010529	-0.638613197972	-0.354297500753	-0.209085792598
('Paclitaxel+0.0031623+24hr', 'drug: Paclitaxel', 'time: 24', 'dosage: 0.0031623')	0.556728354588	-0.554669920044	-0.11467929792	0.415718525633	-0.700024200989	-0.833488481224	-0.252444854472	1.81348454782	1.75042070605	-0.146720988398	-0.474775561711	-0.273371321168	-0.360046901755	1.04930911532	-0.348935486898	-0.331206543272	-0.16617950302	-0.600030657381	-0.609155719956	-0.68240189165	0.6388893672
('Etoposide+0.031623+24hr', 'drug: Etoposide', 'time: 24', 'dosage: 0.031623')	0.160514147788	0.126468705428	-0.0536634492851	-0.0822507790259	-0.81697254054	-0.556929338254	-0.808193060337	0.062850238471	0.0793486943654	-0.3865999191	-0.410194617205	-0.325061009366	-0.371931613169	0.562107098311	-0.926484524812	-0.76427862109	-0.351396543065	0.111377694124	-0.562692309693	-0.290443544732	-0.294173451467
('Etoposide+3.1623+24hr', 'drug: Etoposide', 'time: 24', 'dosage: 3.1623')	0.202080285534	-0.0664185073255	-0.154279407012	0.270056418958	-0.767919442319	-0.69270809894	-0.464046260501	1.33957217252	4.50289835795	-0.257216845384	-0.672710952001	1.8186825994	-0.337850674751	1.40515496593	-0.68108652511	-0.477885812042	-0.091281711208	-0.614559403265	-0.725305158376	-0.235645487744	0.298063803797
('Vorinostat+1+24hr', 'drug: Vorinostat', 'time: 24', 'dosage: 1')	0.820812356145	-0.0221044475298	-0.0651985491383	0.32403955791	-1.01755100255	-0.790055834415	-0.832928862029	-0.189090765476	0.444396924443	-0.363678630508	-0.685531200142	-0.264181571512	-0.357262660296	0.451026959469	-0.914227550458	-0.828769203372	-0.275229806196	-0.517114164366	-0.739704934586	-0.658318850885	-0.552778704356
('Alpelisib+0.01+24hr', 'drug: Alpelisib', 'time: 24', 'dosage: 0.01')	0.313047569884	0.0844278953971	-0.0423069731562	-0.165736478885	-0.94560329838	-0.721807358442	-0.822507016341	0.0759986221159	-0.127738076464	-0.416022969687	-0.585669218533	-0.397263496866	-0.514721096365	-0.0787819405333	-0.933691603262	-0.724874481871	-0.45081077709	0.0962491473085	-0.70183373261	-0.493964947152	-0.32511973924
('Alpelisib+10+24hr', 'drug: Alpelisib', 'time: 24', 'dosage: 10')	0.492669618977	-0.250772732243	-0.0963461914585	0.00352913905741	-1.03845616567	-0.837485261317	-0.606523472445	-0.00662220313985	-0.23926136793	-0.384101779048	-0.675092139647	-0.41758005857	-0.564560529829	0.0817830794416	-0.351040200395	-0.692060506182	-0.540778431737	-0.469960257838	-0.743550281716	-0.751022144535	0.0778152835776
('Palbociclib+0.31623+24hr', 'drug: Palbociclib', 'time: 24', 'dosage: 0.31623')	0.271611085882	0.0372834816679	-0.0946762998341	-0.183925332838	-0.896860609456	-0.621810206151	-0.875839193582	0.0259382456723	-0.114248772397	-0.40511720112	-0.494417065596	-0.396801174942	-0.450409330438	-0.0922051626511	-0.921960929264	-0.615526060003	-0.246255079984	0.000947542894773	-0.684217115345	-0.480368125624	-0.328975060785
('Neratinib+0.0032+24hr', 'drug: Neratinib', 'time: 24', 'dosage: 0.0032')	0.135785608222	0.0378505949458	-0.0406497459217	-0.265634322078	-0.928355267238	-0.702104084167	-0.928040327148	0.0499978331953	-0.181074785055	-0.4252580104	-0.408421658008	-0.394865005037	-0.521978717889	-0.16466439461	-0.941014279097	-0.796938486814	-0.48261800355	0.0990773209631	-0.671104537136	-0.440389571034	-0.449925990129
('Vorinostat+3.1623+24hr', 'drug: Vorinostat', 'time: 24', 'dosage: 3.1623')	0.333112128455	-0.615921810695	-0.162478942114	0.504290619724	-1.1192997569	-0.901953038721	-0.889728312083	-0.334803065203	0.559282053859	-0.347088175607	-0.694282697587	-0.292393173209	-0.209104365364	-0.277105866691	-0.89037485565	-1.02169833327	-0.382018743354	-0.872965010394	-0.763484899396	-0.825406007689	-0.632649196284
('Dasatinib+0.31623+24hr', 'drug: Dasatinib', 'time: 24', 'dosage: 0.31623')	0.820700235119	-0.425762309684	-0.127037951313	0.296291953428	-0.928753656642	-0.888590187809	0.544400032647	0.406354047155	-0.00218276168745	0.210280147444	-0.64686868689	-0.359204913905	-0.579753247301	1.14862301063	0.642339994834	-0.381608705314	-0.263194351134	-0.632153888719	-0.723204618039	-0.868258091397	2.17105849452
('Dasatinib+0.01+24hr', 'drug: Dasatinib', 'time: 24', 'dosage: 0.01')	-0.0591468874004	0.00931493115309	-0.0528536336007	-0.243138805841	-0.851194253376	-0.630371902243	-0.847439166801	-0.156348333924	-0.21800849309	-0.376219014772	-0.277697859301	-0.364271234047	-0.483632942484	0.392746997595	-0.863581961864	-0.804431107701	-0.507206518827	0.023309060398	-0.527961027217	-0.388263567592	-0.292620952052
('Paclitaxel+0.01+24hr', 'drug: Paclitaxel', 'time: 24', 'dosage: 0.01')	0.409945023389	-0.622431602048	-0.0525120141794	0.632672028839	-0.45607619504	-0.775362121829	0.0724704798264	2.23622250566	1.4461613356	-0.0749954974573	-0.427179302784	-0.100170599055	-0.352712126262	3.59248731886	0.103492869892	-0.0831874950502	-0.14023430505	-0.733513627408	-0.497281375294	-0.723251462173	1.99873809908
('Palbociclib+0.01+24hr', 'drug: Palbociclib', 'time: 24', 'dosage: 0.01')	0.277882657401	0.0690257478254	-0.0263394130403	-0.123793419333	-0.956615312744	-0.713778350179	-0.861595454986	-0.0763260060057	-0.16526085656	-0.411334463713	-0.622110498516	-0.394325323051	-0.501589187895	0.418827304339	-0.961374810092	-0.799647661554	-0.524813272545	-0.151990412005	-0.68059278251	-0.508480905049	-0.489899620105
('Neratinib+1+24hr', 'drug: Neratinib', 'time: 24', 'dosage: 1')	0.446057131503	-0.694865458898	-0.157381423621	0.0404332101368	-1.10836787399	-0.958193423687	-0.391055780376	-0.0363140697841	-0.25869263701	-0.132742611865	-0.711088893909	-0.363567585384	-0.640807821257	0.406784213659	0.166707511368	-0.971848813891	-0.690416612467	-0.886181527181	-0.768197537951	-0.927285331173	0.761745243446
('Trametinib+0.1+24hr', 'drug: Trametinib', 'time: 24', 'dosage: 0.1')	0.179924607916	-0.700920036709	-0.157719214582	-0.0878249601608	-1.10656497501	-0.95365084466	-0.733161252675	-0.0321349996837	-0.16343351547	0.0271114378938	-0.711114008279	-0.436842301469	-0.613172051722	0.271174515058	-0.104316547103	-1.06775413262	-0.673087175812	-0.88548027136	-0.7687304585	-0.915494550827	0.264692303262
('Vorinostat+10+24hr', 'drug: Vorinostat', 'time: 24', 'dosage: 10')	0.143930027278	-0.704022450051	-0.159303119469	0.204916160146	-1.08049917401	-0.958562796012	-0.717411161009	-0.437731467967	0.462787056354	-0.216105149053	-0.71363459186	-0.230450302363	-0.405825218459	0.346012229692	-0.42392936908	-0.975292175374	-0.704010836712	-0.889487837716	-0.770289030966	-0.816788402732	0.13372675431
('Alpelisib+0.1+24hr', 'drug: Alpelisib', 'time: 24', 'dosage: 0.1')	0.236973930562	0.0297740762542	-0.0438229279647	-0.148596474269	-0.995437479282	-0.787187825217	-0.91756801261	-0.046866606495	-0.187983881485	-0.422347382118	-0.597330936148	-0.415539489376	-0.555361373759	-0.138623952892	-0.921119704537	-0.762187296189	-0.490982149749	0.140691865828	-0.706771993396	-0.587972198497	-0.342108728276
('Etoposide+0.31623+24hr', 'drug: Etoposide', 'time: 24', 'dosage: 0.31623')	0.567163446687	-0.323252196306	-0.0997565564051	0.277137625556	-0.850330822599	-0.759545423675	-0.780340783378	0.678923416157	1.28548449471	-0.36448781936	-0.612766728822	-0.340583134057	-0.366853146596	0.525972269948	-0.835866331623	-0.398778040335	0.0938914560681	-0.445906229479	-0.679400185257	-0.6410799374	0.0246712951923
('Trametinib+0.031623+24hr', 'drug: Trametinib', 'time: 24', 'dosage: 0.031623')	0.375388439958	-0.685736375772	-0.161448930878	0.128048893572	-1.12320687507	-0.968215272433	-0.709018084967	0.0066510790891	-0.177581153909	-0.202169076977	-0.712360564795	-0.452050502469	-0.629147915509	0.155004462926	-0.229867826491	-1.08984699588	-0.690859940371	-0.883464050605	-0.773206440415	-0.930571938271	0.15511922091
('Neratinib+0.1+24hr', 'drug: Neratinib', 'time: 24', 'dosage: 0.1')	0.548150962722	-0.342577852316	-0.0845392049058	-0.039113047095	-1.12133174014	-0.918829367994	-0.624038405804	0.0985166503716	-0.256495291797	-0.387230752011	-0.709200803523	-0.434470295779	-0.613806133551	0.220654683293	-0.580033491552	-0.960366701947	-0.594293447078	-0.816737814295	-0.765777621863	-0.84653598231	0.0909811811263
('Paclitaxel+0.00032+24hr', 'drug: Paclitaxel', 'time: 24', 'dosage: 0.00032')	0.124152768265	-0.0396841884693	-0.0159783334942	-0.140389255256	-1.03296012583	-0.750075142752	-0.881687628749	-0.147591080828	-0.190222647393	-0.431275467266	-0.604456674497	-0.400187744037	-0.520254321444	0.450120689443	-0.96152919303	-0.848285330058	-0.542657569523	-0.327585798009	-0.673751729132	-0.569632167712	-0.446737662152
('Etoposide+10+24hr', 'drug: Etoposide', 'time: 24', 'dosage: 10')	0.335277516483	-0.634390967376	-0.158085654861	0.419382423919	-1.0322347981	-0.830239580283	-0.501087916165	0.991990097039	2.41003736286	-0.371270439949	-0.70819895458	0.723722402094	-0.475063596525	0.654832269127	-0.729158541207	-0.313398721966	-0.164935944021	-0.865697623543	-0.763707170119	-0.826555950316	0.0486350679605
('Palbociclib+1+24hr', 'drug: Palbociclib', 'time: 24', 'dosage: 1')	0.820865760334	-0.0816853976167	0.00933090934698	0.232984241377	-0.882417813261	-0.764006812032	-0.796845068875	-0.0293010589708	-7.29409493951e-05	-0.383473035414	-0.637346045705	-0.404119982987	-0.466820202715	0.624348897774	-0.841528335891	-0.407572166836	-0.145781261854	-0.474667663269	-0.695593916681	-0.746981541832	-0.0118091115632
('Dasatinib+10+24hr', 'drug: Dasatinib', 'time: 24', 'dosage: 10')	0.670105364905	-0.678781308917	-0.146288150584	0.520434952419	-1.18693161676	-0.939720578369	1.306511463	0.121490487484	-0.235581559331	0.11803612137	-0.708463024397	-0.24750857665	-0.618405361966	0.893470262443	1.19246790328	-0.838062409604	-0.636122109077	-0.885041725118	-0.764882510553	-0.953919779745	2.74256862396
('Paclitaxel+0.1+24hr', 'drug: Paclitaxel', 'time: 24', 'dosage: 0.1')	1.00127034353	-0.434698769582	-0.0451965120509	0.730008069979	-0.823604358704	-0.918480420728	0.962761013724	2.74668651466	1.10380271091	-0.233793067743	-0.499371465623	-0.330309664915	-0.604869765139	1.95327468893	0.285041706951	-0.0833558213953	-0.230304090446	-0.800725617664	-0.649171951694	-0.920367544456	3.07523271753
('Vorinostat+0.01+24hr', 'drug: Vorinostat', 'time: 24', 'dosage: 0.01')	0.316899749785	-0.0568304699122	0.00256989437141	-0.156278132924	-1.00646757126	-0.81525948724	-0.938400148543	-0.126483157407	-0.213893490241	-0.430569841486	-0.653099505414	-0.420775936415	-0.558636238804	0.0519855721393	-0.954515547468	-0.782550218266	-0.555960270562	-0.234917547018	-0.710686661801	-0.660347750295	-0.402417096474
('Vorinostat+0.31623+24hr', 'drug: Vorinostat', 'time: 24', 'dosage: 0.31623')	0.352220195721	0.0334434535829	-0.0543771241048	-0.0746236977613	-1.04120203404	-0.829482357256	-0.981706989609	-0.325020364122	-0.0566300387169	-0.423453224435	-0.658575670079	-0.350599534844	-0.533322990273	0.131367752562	-0.976187221355	-0.80061220818	-0.487978143402	-0.271695212174	-0.720258369549	-0.678425751506	-0.482298600767
('Dasatinib+0.031623+24hr', 'drug: Dasatinib', 'time: 24', 'dosage: 0.031623')	0.375582713606	-0.19461409803	-0.0470790587961	-0.0487728505806	-0.983593196951	-0.901108117844	-0.680647647512	-0.114463567069	-0.216374892243	-0.401738737471	-0.691793585026	-0.427462582564	-0.605338906832	0.310361999051	-0.727871099411	-0.694207890044	-0.571781722255	-0.722681323789	-0.738526157794	-0.819044500921	0.16884629841
('Paclitaxel+0.031623+24hr', 'drug: Paclitaxel', 'time: 24', 'dosage: 0.031623')	0.647768510815	-0.598896961182	0.120353177692	0.660816717387	-0.778996495465	-0.617477710255	0.495310857541	2.39004129867	0.785809547567	-0.240869908172	-0.57557554384	-0.35774773339	-0.332864185378	2.79414777756	0.0356354736066	-0.103703862139	-0.299123999151	-0.819453941346	-0.651360284361	-0.873610119639	2.57136326521
('Paclitaxel+0.001+24hr', 'drug: Paclitaxel', 'time: 24', 'dosage: 0.001')	0.213710563184	-0.2404992018	-0.0363133596214	-0.0336549688944	-1.00935928596	-0.797067248901	-0.815996122245	0.382413174084	0.321779984977	-0.41166356953	-0.629162088145	-0.385090325568	-0.512518890476	0.582104738364	-0.891346173941	-0.770214409268	-0.455458493226	-0.500172498091	-0.687100258628	-0.664266204225	-0.119434666871
('Etoposide+0.031623+48hr', 'drug: Etoposide', 'time: 48', 'dosage: 0.031623')	-0.528411742672	-0.513508427768	-0.0523411352686	-0.145328634026	0.865380909803	-0.336371483741	0.947973056157	-0.390302200658	-0.231024861456	-0.0840319657456	0.822732976376	-0.0735580570579	-0.168854165404	-0.365610035915	0.525523278325	0.265536169331	-0.217970944166	-0.614844063436	0.770295372411	-0.475023083882	-0.0871543998003
('Neratinib+0.01+48hr', 'drug: Neratinib', 'time: 48', 'dosage: 0.01')	-0.547089241969	-0.486621282895	-0.0518119993687	-0.290428315753	0.553783254123	-0.38290650584	0.887957944408	-0.408759544686	-0.298883019652	-0.137771038456	1.32362956141	-0.0900974615479	-0.209604137142	-0.59073626797	0.347594177512	0.273430158528	-0.320131034556	-0.564036320152	1.21224314424	-0.462297168689	-0.177707548211
('Paclitaxel+0.0031623+48hr', 'drug: Paclitaxel', 'time: 48', 'dosage: 0.0031623')	0.349451286198	-0.490170254361	-0.0503203666311	1.29107953088	1.93146579106	-0.186230187153	4.27105549042	0.535625451771	0.777347615925	0.509241829698	0.104078795894	0.102300427133	-0.172445868651	1.11365314572	2.48812056287	2.21855904184	0.819017505188	-0.675965743962	0.260543525088	-0.656162712697	0.776676173425
('Alpelisib+0.031623+48hr', 'drug: Alpelisib', 'time: 48', 'dosage: 0.031623')	-0.56393891189	-0.448797890309	-0.0603108857571	-0.34822956811	0.313841370673	-0.469589394825	0.925406731376	-0.437007393923	-0.263144914525	-0.18544000075	1.07092200444	-0.145151451678	-0.272791581587	-0.698791025888	0.350676877901	0.17008967466	-0.31391185421	-0.539024669275	0.883457379522	-0.520605620063	-0.205339348286
('Vorinostat+3.1623+48hr', 'drug: Vorinostat', 'time: 48', 'dosage: 3.1623')	-0.345288463047	-0.507340983803	-0.0755397872062	0.734272579147	0.0886058114784	-0.426784150303	2.2711724259	-0.475707207074	0.0956221332566	0.00100954628065	-0.3142601035	0.095052503826	-0.137168371377	0.383949765856	0.757090317008	0.290281320461	0.216819731571	-0.779754668698	-0.280585163436	-0.717865865279	0.0374139579902
('Trametinib+0.031623+48hr', 'drug: Trametinib', 'time: 48', 'dosage: 0.031623')	-0.423865819942	-0.62912327739	-0.101583069138	-0.393062423212	-1.07533316733	-0.447004500257	0.271831648019	-0.593050839442	-0.319428209267	-0.220503060017	-0.652650705644	-0.244956676018	-0.336810543498	-0.909628936198	0.5038211563	-0.489975026124	-0.366999265009	-0.839893194382	-0.691058644335	-0.912993463379	-1.00662161451
('Dasatinib+10+48hr', 'drug: Dasatinib', 'time: 48', 'dosage: 10')	-0.695259777213	-0.630847953582	-0.0932961297826	-0.468468446588	-1.15615529455	-0.428100585814	-0.781086457609	-0.718194261548	-0.347727498445	-0.215298432962	-0.657341572709	-0.159029501559	-0.325450581615	-1.38354504204	-0.42165379601	-0.526929702796	-0.388677872453	-0.84124847861	-0.703192116709	-0.918261274364	-1.44420699247
('Trametinib+0.0031623+48hr', 'drug: Trametinib', 'time: 48', 'dosage: 0.0031623')	-0.353687787331	-0.522152787503	-0.0606457258536	0.0252845238112	0.287514042484	-0.392791279193	2.5363802122	-0.325559054598	-0.259570127614	0.232311261956	-0.109788926259	-0.150393918907	-0.275752845863	0.352553479163	1.55871645465	-0.13400246088	-0.0368116737977	-0.592908585581	0.0182152209947	-0.578273666437	0.417229441815
('Palbociclib+1+48hr', 'drug: Palbociclib', 'time: 48', 'dosage: 1')	-0.504697728179	-0.494182180436	-0.0651378401473	-0.178115917803	0.513715586859	-0.422136662571	0.886033733506	-0.46249491602	-0.259398341506	-0.276258588407	0.863653844566	-0.183324302501	-0.205310390199	-0.350881992315	0.352194210896	0.851081775818	-0.00539353637225	-0.615163173017	1.15337325479	-0.612622388703	-0.071084380713
('Dasatinib+0.1+48hr', 'drug: Dasatinib', 'time: 48', 'dosage: 0.1')	0.0820780450658	-0.138689604951	0.00314608442055	0.405309938971	2.30837928632	0.164870252325	2.16524935505	-0.0728448828494	-0.18755878914	0.379287656256	0.282848317002	0.159004947222	-0.0477937660355	2.0939167077	1.46311542699	1.07676499309	0.31714269013	-0.210028280672	0.838662973106	0.029140652368	1.11069437594
('Vorinostat+10+48hr', 'drug: Vorinostat', 'time: 48', 'dosage: 10')	-0.728701344334	-0.648367771961	-0.109329391988	-0.51282049305	-1.13283988168	-0.589568508896	-0.465460733773	-0.762145422774	-0.348840259274	-0.376513033387	-0.668089853101	-0.222863958503	-0.332958860511	-1.09360365964	-0.516774636121	-0.567046746946	-0.455187488909	-0.84883070446	-0.700287007347	-0.90746670285	-1.11475744686
('Neratinib+1+48hr', 'drug: Neratinib', 'time: 48', 'dosage: 1')	-0.360271452081	-0.597567203351	-0.0884511108248	-0.330447036962	-0.321154453298	-0.458196640272	2.7654785648	-0.377896329147	-0.300012966529	-0.138055674022	-0.657789368739	-0.172114305535	-0.350349229942	0.41426115645	1.68089258206	-0.0626702385816	-0.245745070656	-0.829545904086	-0.647754801728	-0.896442657864	1.36714575785
('Etoposide+10+48hr', 'drug: Etoposide', 'time: 48', 'dosage: 10')	-0.707060209684	-0.640203554796	-0.109341594173	-0.0959237009873	-0.993592744968	-0.576292508561	-0.286379122103	-0.666751729829	-0.187874655011	-0.288476273358	-0.642897902564	0.0475913200808	-0.295484457493	-1.1985497422	-0.501347620132	-0.0397344591971	-0.138183778576	-0.848033119922	-0.665539106391	-0.897516220084	-1.06456309171
('Etoposide+3.1623+48hr', 'drug: Etoposide', 'time: 48', 'dosage: 3.1623')	-0.37513316138	-0.575674268748	-0.0874963748168	1.17426265696	0.129734562625	-0.4115481597	2.35859721669	-0.317522966923	0.145031954515	0.0818634455033	-0.159783306234	0.735863439918	-0.208925084892	0.0719700329096	0.928623107743	2.0457045968	0.689188937173	-0.789855248363	-0.0720007021746	-0.665470401952	0.823473967107
('Etoposide+1+48hr', 'drug: Etoposide', 'time: 48', 'dosage: 1')	-0.374822629554	-0.577303610057	-0.0839070035797	0.426993775653	0.677785143312	-0.383759856933	1.75404913032	-0.332398955269	0.0553853655642	-0.16854801345	-0.000557995817948	0.0801202210787	-0.12550040334	0.376474893773	1.04038400446	1.81508363282	0.542299672136	-0.784082315711	0.231725077929	-0.709992346788	0.722270247844
('Paclitaxel+0.001+48hr', 'drug: Paclitaxel', 'time: 48', 'dosage: 0.001')	-0.449631904519	-0.449942199672	-0.0588363526255	-0.274034857218	0.356305842057	-0.451278867672	0.694447329853	-0.330867173484	-0.148705838462	-0.257521122472	1.01695539777	-0.148638355708	-0.240716899854	-0.305913530053	0.512589288077	0.574587222449	-0.10619133536	-0.547306222724	0.924525736698	-0.619697005728	0.116439254054
('Alpelisib+10+48hr', 'drug: Alpelisib', 'time: 48', 'dosage: 10')	-0.372884236409	-0.49434066254	-0.0569301514161	-0.194272243988	-0.00857746346238	-0.499417546814	1.52956789881	-0.400540453948	-0.292626115402	-0.262895268902	-0.312435362289	-0.17797232495	-0.31238359665	-0.11710435735	0.426440968337	0.606318628884	-0.213774785468	-0.663944269279	-0.26438896023	-0.727919897073	0.380592703777
('Palbociclib+0.1+48hr', 'drug: Palbociclib', 'time: 48', 'dosage: 0.1')	-0.549572853592	-0.435628203057	-0.0551135855707	-0.358968330918	0.303545770225	-0.482642429807	0.675657721382	-0.469257074308	-0.258778560604	-0.302309585244	1.24319279101	-0.189924612527	-0.251914925639	-0.527062091612	0.348613732717	0.494478478348	-0.23190052682	-0.548724476532	1.12444104693	-0.605772018458	0.0218287698586
('Trametinib+0.1+48hr', 'drug: Trametinib', 'time: 48', 'dosage: 0.1')	-0.15628999374	-0.576008956965	-0.069173047937	0.0166669418329	0.390873893128	-0.425852046041	3.01152102269	-0.336429043395	-0.237777988104	0.0637653424156	-0.620597030484	-0.187049011014	-0.326185954146	1.48517166839	4.13823244414	0.22864569765	-0.0613498495685	-0.813754003649	-0.573241607465	-0.858470415681	1.17024526772
('Trametinib+0.0003+48hr', 'drug: Trametinib', 'time: 48', 'dosage: 0.0003')	-0.578485016616	-0.490460990631	-0.0458553351718	-0.281888180634	0.312254042658	-0.366982118604	0.659644110935	-0.426628097125	-0.299564010972	-0.174870730342	0.751035644829	-0.148732558728	-0.237362468772	-0.46006715375	0.341315692888	0.182040399819	-0.296103747827	-0.527101203396	0.881224725337	-0.504363595149	0.227801811907
('Neratinib+0.001+48hr', 'drug: Neratinib', 'time: 48', 'dosage: 0.001')	-0.58818989844	-0.466893327949	-0.0625023059173	-0.398616226966	0.294804781018	-0.404590166604	0.290828873878	-0.43550675236	-0.262047454219	-0.239879857669	0.626906804198	-0.187171595091	-0.246101054642	-0.447163329787	0.399102613049	0.159269952989	-0.326405206454	-0.592534437307	0.45089432726	-0.556980850425	-0.127788131841
('Neratinib+0.031623+48hr', 'drug: Neratinib', 'time: 48', 'dosage: 0.031623')	-0.543338154229	-0.48619505523	-0.0518495297003	-0.454335709285	-0.154122772249	-0.48606984313	0.440750101091	-0.464179748822	-0.302524828652	-0.305211503583	0.49293949721	-0.216787725758	-0.296974170114	-0.547779883968	0.332588487052	0.166353222391	-0.334899315494	-0.612966349198	0.409511940488	-0.659683822968	-0.0291461467206
('Paclitaxel+0.0001+48hr', 'drug: Paclitaxel', 'time: 48', 'dosage: 0.0001')	-0.591718728814	-0.461504991389	-0.0648846339929	-0.463446612377	0.0655449903446	-0.467356088912	0.333464926651	-0.425998310188	-0.264293009321	-0.317711493648	0.842029102507	-0.20991177598	-0.266289653575	-0.760618976995	0.417215516042	0.29628184163	-0.346828846028	-0.563059423658	0.699636601698	-0.615526414714	0.0917796734889
('Trametinib+0.001+48hr', 'drug: Trametinib', 'time: 48', 'dosage: 0.001')	-0.578523707595	-0.543871380975	-0.0627311827768	-0.456521568181	-0.193181707945	-0.528493871836	0.613972188507	-0.467833735703	-0.315285657795	-0.264410821166	0.362887102056	-0.247088998914	-0.30928547516	-0.631037733585	0.565522560734	-0.202114112121	-0.327390379853	-0.631109379483	0.477589010265	-0.673265965392	0.267382772445
('Trametinib+0.01+48hr', 'drug: Trametinib', 'time: 48', 'dosage: 0.01')	-0.375356601084	-0.570639007223	-0.0681134134256	-0.215103518061	0.368800075105	-0.412651671306	2.172138038	-0.342763928495	-0.290060839416	-0.237546164462	-0.521951660843	-0.21865994089	-0.29479505353	1.0638128627	2.26989674307	0.0625888864018	-0.0366154422656	-0.781190877567	-0.416890631903	-0.762818723579	1.43555940135
('Paclitaxel+0.031623+48hr', 'drug: Paclitaxel', 'time: 48', 'dosage: 0.031623')	-0.534840551872	-0.631231702907	-0.0987448960507	-0.286964596158	-0.876326277812	-0.542333449437	-0.212392228341	-0.459348779338	-0.195437100785	-0.320139194383	-0.614518999184	-0.18282420844	-0.326167630678	-0.825421441942	-0.189827293147	-0.206598074795	-0.277354258258	-0.837615433495	-0.609668966076	-0.889112294098	-0.85108384638
('Alpelisib+1+48hr', 'drug: Alpelisib', 'time: 48', 'dosage: 1')	-0.555130114106	-0.460536377654	-0.0617730318398	-0.438136753536	-0.169460292643	-0.500218154238	0.349983086821	-0.472516697997	-0.299676149553	-0.357816742463	0.0420669611589	-0.232991184497	-0.307302220429	-0.547191518946	0.0361440707134	0.263268961023	-0.319901405405	-0.5799118625	0.107007347022	-0.658601961959	0.141995039974
('Neratinib+0.1+48hr', 'drug: Neratinib', 'time: 48', 'dosage: 0.1')	-0.313071377558	-0.48591172338	-0.0630044517731	-0.316838709358	0.243964167359	-0.398410642659	1.53440143092	-0.281886499474	-0.249751235829	-0.217024148524	-0.107110705305	-0.201440035924	-0.273600232159	0.353955678131	1.32433693013	0.49506862364	-0.0561158047197	-0.666548038427	0.153857685011	-0.634640309165	1.15962115466
('Dasatinib+0.031623+48hr', 'drug: Dasatinib', 'time: 48', 'dosage: 0.031623')	-0.535538900612	-0.52992789686	-0.0524560258631	-0.330939711166	0.584688598475	-0.333572665306	0.81411173602	-0.401494980181	-0.308307596193	-0.187853645492	0.596196109213	-0.210197780624	-0.233589906417	0.15818421496	0.735035516449	0.63857859068	-0.177931358433	-0.64117669509	0.88036641211	-0.557857784149	0.9103464977
('Vorinostat+0.01+48hr', 'drug: Vorinostat', 'time: 48', 'dosage: 0.01')	-0.549295184076	-0.429364082944	-0.036082992724	-0.446306729028	-0.00313691621302	-0.443060171611	0.190125384567	-0.419760593054	-0.26820063705	-0.340855841052	0.359826287745	-0.228162919403	-0.291045288758	-0.209578446244	0.264068500236	0.260993117993	-0.329063222008	-0.579294058928	0.354837695031	-0.604583956643	0.216491895001
('DMSO+0+48hr', 'drug: DMSO', 'time: 48', 'dosage: 0')	-0.588406627857	-0.500182374644	-0.0537451720412	-0.47258212461	-0.142959788371	-0.458211358505	0.00210193864706	-0.436766497265	-0.281569764446	-0.351566365669	0.325881348296	-0.24039770851	-0.303529273632	-0.414369060295	0.247327050962	0.219271141543	-0.34615680173	-0.618405740698	0.341566215129	-0.68075471985	0.313806963964
('Alpelisib+3.1623+48hr', 'drug: Alpelisib', 'time: 48', 'dosage: 3.1623')	-0.553914068889	-0.526872363995	-0.0460775905376	-0.454670523788	-0.309038442049	-0.468136431661	0.293016725434	-0.487876565568	-0.3296107745	-0.3728653034	-0.094006074858	-0.23938174662	-0.308043045859	-0.416211241211	0.0802484099987	0.458677565618	-0.327699957363	-0.670757563144	-0.0816809896274	-0.726650819722	0.320001457609
('Neratinib+0.31623+48hr', 'drug: Neratinib', 'time: 48', 'dosage: 0.31623')	-0.112495371883	-0.559691242765	-0.0596333528208	-0.264979105271	-0.131940339097	-0.439329610556	1.92084443211	-0.180796273137	-0.264170027939	-0.205819893041	-0.637757883704	-0.140271700758	-0.303552793044	1.21834060125	2.71812020503	0.46252814778	0.0168049260655	-0.797397029648	-0.589073919684	-0.849929332649	2.95183205877
('Paclitaxel+0.00032+48hr', 'drug: Paclitaxel', 'time: 48', 'dosage: 0.00032')	-0.591981454883	-0.480160537968	-0.0540634207831	-0.474109661851	0.00181614775052	-0.463729380804	0.123913506616	-0.405449761764	-0.27803916762	-0.319147749	0.623062682377	-0.22437967101	-0.290213082211	-0.53741463802	0.353269157709	0.314391792562	-0.335642239594	-0.590463069948	0.580548114767	-0.616628113055	0.342983801641
('Neratinib+0.0032+48hr', 'drug: Neratinib', 'time: 48', 'dosage: 0.0032')	-0.626706067151	-0.544429829515	-0.0651128008726	-0.486458824537	-0.0423969720769	-0.461571457969	0.0399257338826	-0.40703478675	-0.30275455621	-0.295431057982	0.57355084655	-0.229074803055	-0.284800192299	-0.53610025519	0.481083134328	0.409406851641	-0.34962882382	-0.62738493985	0.64393723078	-0.622463971687	0.328734952941
('Dasatinib+0.31623+48hr', 'drug: Dasatinib', 'time: 48', 'dosage: 0.31623')	0.427781073846	-0.216166156292	0.0465244947307	0.55740445961	1.55919241713	-0.0553118095244	2.95882489811	0.314225240202	-0.0255465284323	0.463891491933	-0.0971518177551	-0.0398310919041	-0.149673231251	2.31160284368	3.38061073467	2.15322818575	0.816769520227	-0.467912066236	0.144447154065	-0.492597613277	3.29583819779
('Trametinib+0.31623+48hr', 'drug: Trametinib', 'time: 48', 'dosage: 0.31623')	-0.352541647274	-0.595306167583	-0.0718213458181	-0.262966210045	0.055346737075	-0.432151868414	1.65464854147	-0.437174926855	-0.29178240876	-0.221839350939	-0.645153947795	-0.19341201452	-0.291355382004	1.21913631748	2.63700772654	-0.0589517769929	-0.13263319579	-0.814014749952	-0.601995438853	-0.868473112497	2.05888914199
('Alpelisib+0.01+48hr', 'drug: Alpelisib', 'time: 48', 'dosage: 0.01')	-0.604949098478	-0.495760444213	-0.0515288807005	-0.439400044883	0.192054435735	-0.404734748078	0.104204538814	-0.438085015634	-0.270111361614	-0.263244664776	0.567728376965	-0.192383897895	-0.241659255603	-0.538875846237	0.334206301935	0.389747403548	-0.339887513555	-0.589813194631	0.700848919143	-0.600267160906	0.509839298745
('Palbociclib+0.031623+48hr', 'drug: Palbociclib', 'time: 48', 'dosage: 0.031623')	-0.614185258726	-0.472009160087	-0.0511599065706	-0.469485886601	0.166305363568	-0.413237913845	0.0777094362647	-0.433475891195	-0.276643933087	-0.32375921222	0.706537125026	-0.208725884002	-0.257132663786	-0.355007252294	0.449605643926	0.38616488133	-0.339416572225	-0.576145187874	0.758977982657	-0.564565381673	0.438219626264
('Palbociclib+3.1623+48hr', 'drug: Palbociclib', 'time: 48', 'dosage: 3.1623')	-0.48988398022	-0.531624892866	-0.00119127662093	-0.215966248449	0.550742856105	-0.317753217863	0.480347435059	-0.472127724625	-0.263118729355	-0.34779431353	0.958828312765	-0.195943644852	-0.180956418262	0.39205158886	0.53774235337	1.28857095274	0.224101805856	-0.616600382638	1.36146353445	-0.718513754282	0.666443152873
('Dasatinib+3.1623+48hr', 'drug: Dasatinib', 'time: 48', 'dosage: 3.1623')	-0.0388908112598	-0.593743261801	-0.0836007378351	0.0861766816645	-1.21616303887	-0.55287155953	0.177914359411	-0.41303161045	-0.294572795886	-0.271413194155	-0.660495527673	-0.10574793552	-0.343775344069	-0.679325674495	0.566273889072	-0.15893418108	-0.219519102991	-0.826453534165	-0.682879841149	-0.906839779892	-0.677107591489
('Palbociclib+0.31623+48hr', 'drug: Palbociclib', 'time: 48', 'dosage: 0.31623')	-0.540057542895	-0.46934444462	-0.0355004588855	-0.404745580489	-0.0269314988682	-0.439476427699	0.0378630061535	-0.458077561644	-0.257800400807	-0.381709056062	0.735681248642	-0.23686249901	-0.256068899992	-0.257505515654	0.241795605602	0.647788522396	-0.193253524108	-0.627000619577	0.491053698093	-0.727233614618	0.25159359715
('Vorinostat+0.31623+48hr', 'drug: Vorinostat', 'time: 48', 'dosage: 0.31623')	-0.510129013314	-0.400535228215	-0.0410240802731	-0.416201112515	-0.274580843245	-0.482514899193	-0.0571218849482	-0.515094288097	-0.24999823193	-0.385263718251	0.753423540228	-0.206552072339	-0.279585312067	-0.510983109424	0.0668385129271	0.53381192058	-0.305824421686	-0.63915282844	0.520889167295	-0.729996366805	0.303924617479
('Etoposide+0.31623+48hr', 'drug: Etoposide', 'time: 48', 'dosage: 0.31623')	-0.27070724964	-0.541377763512	-0.0850634371401	-0.0955416082078	-0.390708845731	-0.485035590779	0.170963848505	-0.0391116796841	0.253072455933	-0.351949629292	-0.32311243778	-0.213827108925	-0.272225850381	-0.29862089482	0.224708842187	0.995829044352	0.106701233393	-0.678124003376	-0.288258574795	-0.802887604096	0.773622571503
('Palbociclib+10+48hr', 'drug: Palbociclib', 'time: 48', 'dosage: 10')	-0.102699320699	-0.505180976894	-0.0742407628062	-0.0341813622338	-0.0563797097013	-0.424912819477	0.336697268597	-0.359270366981	-0.1591821167	-0.350490862957	-0.170942542511	-0.227839273963	-0.243527696732	0.135907480725	0.555320360743	1.84114007121	0.430760632758	-0.651653732356	-0.0738926596838	-0.817951652695	1.11576549473
('Vorinostat+0.031623+48hr', 'drug: Vorinostat', 'time: 48', 'dosage: 0.031623')	-0.588239590697	-0.460766574624	-0.0646951462891	-0.492074857302	-0.0717553004049	-0.448686102616	-0.0466355303321	-0.438869625381	-0.271939226238	-0.364090206678	0.300324850829	-0.23166917803	-0.287046002564	-0.343799068185	0.248387338503	0.462126324185	-0.357384227632	-0.606559182899	0.382073818624	-0.667010532741	0.426231896401
('Alpelisib+0.31623+48hr', 'drug: Alpelisib', 'time: 48', 'dosage: 0.31623')	-0.504854897771	-0.466918680434	-0.0674096421886	-0.461828189875	-0.619874840437	-0.543193683299	0.155733107869	-0.423632337262	-0.288772518732	-0.376396413249	-0.360235812759	-0.262924986277	-0.349745063379	-0.756448314734	0.00305313091212	0.154618276044	-0.377570799271	-0.619247811673	-0.431755948451	-0.752877017015	0.496018016151
('Dasatinib+1+48hr', 'drug: Dasatinib', 'time: 48', 'dosage: 1')	1.09604932806	-0.345707039696	-0.00448097709185	0.870883387434	0.309643916028	-0.211538596954	3.18373265937	0.58496187594	0.0421876369245	0.492517863625	-0.419059522043	-0.107597370189	-0.2271417782	1.64281914175	3.6521026056	1.95710694571	0.906665467235	-0.61198741054	-0.284148935779	-0.706223048201	3.87973078556
('Vorinostat+0.1+48hr', 'drug: Vorinostat', 'time: 48', 'dosage: 0.1')	-0.51537966441	-0.448279035535	-0.0541250965681	-0.416498956153	-0.429920391485	-0.490291162815	-0.082068418671	-0.495335212842	-0.293679564035	-0.4035969019	-0.351537160982	-0.244655806018	-0.312186623504	-0.0652020189194	-0.157985240805	0.153500599014	-0.373615159714	-0.669382573498	-0.125455388904	-0.729070048103	0.0493044605464
('Dasatinib+0.01+48hr', 'drug: Dasatinib', 'time: 48', 'dosage: 0.01')	-0.418794568806	-0.46489032129	-0.0595925825649	-0.419032862979	-0.374248219277	-0.499272303644	0.0976928439298	-0.378979813073	-0.284773511259	-0.364348720579	-0.250185544258	-0.256004049875	-0.29594240177	-0.276189799301	0.262399966874	0.265244641002	-0.313193442607	-0.600620885239	-0.326873234355	-0.740492713585	0.560459658772
('Alpelisib+0.1+48hr', 'drug: Alpelisib', 'time: 48', 'dosage: 0.1')	-0.494377928262	-0.488715694459	-0.0753256901605	-0.48949403089	-0.633293480496	-0.555150634581	-0.0888783025754	-0.415728583654	-0.279396369079	-0.394463456757	-0.449883115309	-0.26874704453	-0.351863465013	-0.749878473544	-0.0430165399725	0.221662010226	-0.369302195652	-0.652188846064	-0.464360080939	-0.78907555574	0.290345245812
('Palbociclib+0.01+48hr', 'drug: Palbociclib', 'time: 48', 'dosage: 0.01')	-0.50247879992	-0.46196540791	-0.064299884419	-0.4759011374	-0.419535617785	-0.519003870397	-0.160067166612	-0.37667190603	-0.21625225889	-0.327539894154	0.0772015746519	-0.253238013604	-0.336187276903	-0.588496014723	0.104453224622	0.164771934109	-0.351716198938	-0.596890176692	-0.208010435894	-0.725692832566	0.276077741396
('Etoposide+0.01+48hr', 'drug: Etoposide', 'time: 48', 'dosage: 0.01')	-0.574463305806	-0.481255893821	-0.0548856311014	-0.487283362001	-0.288188452218	-0.481554341709	-0.0769521001211	-0.437124117273	-0.25616873212	-0.375801357266	0.301821310202	-0.240692072203	-0.307653236521	-0.530355502333	0.1046357766	0.264430714858	-0.349529270726	-0.605461319451	0.25984035757	-0.692640687041	0.353576207166
('Paclitaxel+0.1+48hr', 'drug: Paclitaxel', 'time: 48', 'dosage: 0.1')	-0.696978273677	-0.623746816692	-0.105580865738	-0.494400699165	-1.22335551231	-0.543714918194	-0.839839193125	-0.663646149215	-0.307829999832	-0.397300924329	-0.663571915514	-0.2250053886	-0.326585849805	-1.33129378088	-0.678878530227	-0.482280511139	-0.424729335906	-0.845822418626	-0.697025319226	-0.910739387093	-1.29606430536
('Etoposide+0.1+48hr', 'drug: Etoposide', 'time: 48', 'dosage: 0.1')	-0.437690230099	-0.545167419312	-0.0799684890244	-0.382282680045	-0.508865784376	-0.53053121219	0.0818088033509	-0.266539021067	-0.118594788646	-0.39026988605	-0.00062100445616	-0.253355564345	-0.328190855031	-0.670266840411	0.0626988927975	0.508761003403	-0.26153545186	-0.663439796152	-0.201121135214	-0.794099156405	0.522763173093
('Paclitaxel+0.01+48hr', 'drug: Paclitaxel', 'time: 48', 'dosage: 0.01')	0.242527975946	-0.612415418991	-0.0763992092645	0.365843980975	-0.39809456188	-0.494471842713	0.89680326046	0.450068458445	0.105589781165	-0.312031529509	-0.606769293093	-0.150145269122	-0.308930299547	0.355031313402	0.961901243676	0.942525172738	-0.136152061981	-0.825926751074	-0.542404737881	-0.879833301707	1.42903348087
('Vorinostat+1+48hr', 'drug: Vorinostat', 'time: 48', 'dosage: 1')	-0.500776290877	-0.537476999201	-0.0676762843375	-0.297128507292	-0.23404733422	-0.485347931103	0.410346946369	-0.610605749416	-0.183251064557	-0.386352620077	-0.0861558120881	-0.197786053677	-0.267925569101	0.305745606767	0.284388222111	0.853557818797	-0.208136753858	-0.770119039238	0.130861854818	-0.80965501724	1.16974924192
('Etoposide+0.031623+72hr', 'drug: Etoposide', 'time: 72', 'dosage: 0.031623')	0.205435030346	0.342035718874	0.0934781019356	1.7072233784	1.51301344448	1.88859608086	0.299568296666	0.298304255648	0.596582064721	1.97961742901	0.00924587870095	1.53535618021	1.28414690592	0.306889915601	-0.14056717477	-0.19101900023	0.90118270061	0.620384682921	0.0450884915343	2.07967491522	-0.469122400741
('Neratinib+0.01+72hr', 'drug: Neratinib', 'time: 72', 'dosage: 0.01')	-0.162211752213	0.354079364151	0.119938728828	0.80933237291	1.04601654331	1.34700268127	0.318367020477	-0.0587653890441	0.0714358832207	1.44619507166	0.234844272653	1.34917931396	0.87178952102	0.103328963649	-0.226796555423	-0.167514201334	0.440306142661	0.717711733594	0.276876450287	2.02067752726	-0.446538737218
('Paclitaxel+0.0031623+72hr', 'drug: Paclitaxel', 'time: 72', 'dosage: 0.0031623')	1.64025163489	-0.294911363386	-0.0190998377522	4.84174719773	2.54615575003	0.0735184712156	4.36791670473	2.41081372492	3.18356784755	2.5617913151	-0.0268072701695	0.913825197609	0.427253503244	1.84497694022	2.7488305791	2.14719759357	3.18009318733	-0.36504834924	0.132635847815	-0.0544065637098	0.888127193676
('Alpelisib+0.031623+72hr', 'drug: Alpelisib', 'time: 72', 'dosage: 0.031623')	-0.0811634296027	0.662782499722	0.117445760698	0.539242832728	0.580818138916	0.630601778213	0.282853677373	0.0939648027063	0.228859640733	1.09553028434	0.132941212123	0.943635457438	0.559703637817	-0.143450127356	-0.212455931151	-0.24034587792	0.440191839479	1.20494555214	0.110892803318	1.74822607199	-0.49498459251
('Vorinostat+3.1623+72hr', 'drug: Vorinostat', 'time: 72', 'dosage: 3.1623')	0.282660999074	-0.0882654108705	-0.0408667089171	4.4068289291	0.666910939258	-0.0516768445822	1.59800241753	-0.11579928729	1.32214217034	1.6011520106	-0.469333248307	1.64712248683	1.29542778463	0.955345118404	0.194102612802	-0.109071065246	2.12391655888	-0.613882791763	-0.447277193761	0.227745276144	-0.163303695436
('Trametinib+0.031623+72hr', 'drug: Trametinib', 'time: 72', 'dosage: 0.031623')	-0.00579441059161	-0.625220268263	-0.102922109603	-0.141475023399	-1.11526444557	-0.436488397186	0.222522388675	-0.410169212824	-0.254320499034	0.0759920571964	-0.656610375793	-0.206584509578	-0.327521355084	-0.822011528295	0.350939983167	-0.517288216949	-0.329564394087	-0.839236997181	-0.696887509808	-0.908844334581	-1.00892833044
('Dasatinib+10+72hr', 'drug: Dasatinib', 'time: 72', 'dosage: 10')	-0.624747093716	-0.619325602812	-0.0834969141151	-0.431026780341	-1.10826102915	-0.188789775465	-0.327437603102	-0.661664066412	-0.332965668815	-0.130283824693	-0.649350529509	-0.104684335516	-0.273310337321	-1.27855512423	-0.173862281583	-0.413182666013	-0.337153951406	-0.833686025553	-0.693208343205	-0.913274526819	-1.21786151713
('Trametinib+0.0031623+72hr', 'drug: Trametinib', 'time: 72', 'dosage: 0.0031623')	-0.0254663998949	-0.285440067275	-0.00152257806439	1.68962615281	0.586131842539	0.378821313439	2.28309802538	-0.120926993432	-0.0309538171244	2.6648696959	-0.384780395633	0.404342098133	0.508200121685	1.33280528825	0.441222804089	-0.410073221999	1.15399932336	0.156667641755	-0.294122212987	1.30119590748	0.493666389605
('Palbociclib+1+72hr', 'drug: Palbociclib', 'time: 72', 'dosage: 1')	0.255028863564	0.719987626902	0.102859333645	1.70205087369	1.45258252911	1.59534388038	0.425533088848	0.0968901067625	0.346645787092	1.07995722091	0.0216425088473	0.944205690499	1.74988778033	0.58453249738	-0.209902212824	0.227264572491	2.21201920407	0.933464188595	0.233420495919	1.90444837	-0.241464204258
('Dasatinib+0.1+72hr', 'drug: Dasatinib', 'time: 72', 'dosage: 0.1')	1.14456836464	0.723777742308	0.113951291153	1.05634134541	3.03092687112	1.32276975025	2.05838707117	0.550795451756	0.131992230443	1.74227421184	0.182701511104	0.956898705176	0.700306152506	2.86302626624	1.48367909365	1.02798336555	1.1564540916	0.382195654047	0.566108924966	1.56190383955	1.14773287627
('Vorinostat+10+72hr', 'drug: Vorinostat', 'time: 72', 'dosage: 10')	-0.645251442702	-0.64942163009	-0.109325004748	-0.309606546948	-1.00249908808	-0.566280946947	-0.53543461724	-0.750324774593	-0.302727283983	-0.237352731629	-0.66867668484	-0.0598730022664	-0.187674477353	-0.952839239441	-0.549091892481	-0.592391698282	-0.433865317672	-0.848231452318	-0.70065936772	-0.823941247525	-1.1380652954
('Neratinib+1+72hr', 'drug: Neratinib', 'time: 72', 'dosage: 1')	0.0378132651455	-0.597772679104	-0.0873328829137	0.495063601112	-0.0101253503725	-0.352281405295	2.9150623765	-0.202394910866	-0.241388813124	0.99291933115	-0.657247447806	0.440910014003	-0.301872540539	1.13174913497	1.46036897686	-0.0569608850289	-0.0692465709861	-0.818908209187	-0.649902472198	-0.750089072737	1.67182038499
('Etoposide+10+72hr', 'drug: Etoposide', 'time: 72', 'dosage: 10')	-0.637699806035	-0.62957842223	-0.107983346133	0.585008583599	-0.847882411948	-0.514027267862	-0.367335979902	-0.557628262678	0.0992074470838	-0.0154169444111	-0.652208299499	0.806619569238	-0.0486499480984	-1.08441713008	-0.591911848912	-0.216243422126	0.478643150334	-0.829330221511	-0.68161431335	-0.799107979188	-1.07513945898
('Etoposide+3.1623+72hr', 'drug: Etoposide', 'time: 72', 'dosage: 3.1623')	0.00514665401282	-0.463295013622	-0.0796980408543	5.72707434423	1.11440658505	0.275794679524	1.90396967046	0.0788529032851	1.42616167118	2.01026902848	-0.353260632889	6.10477542737	1.20954138353	0.851692745881	0.266319413259	1.03646212977	3.90897097934	-0.568659725155	-0.279146063347	0.508434281073	0.739740382299
('Etoposide+1+72hr', 'drug: Etoposide', 'time: 72', 'dosage: 1')	0.241948612468	-0.348560776304	-0.068822962608	4.7083767169	2.14141112373	0.725905433185	1.48237682802	0.441301513546	1.84847218473	1.52369509136	-0.280967912049	2.66949850396	2.05295746317	1.39604906255	0.57815917229	1.21214540306	4.24132058978	-0.487724876716	-0.0819543545255	0.767427664292	0.719428921522
('Paclitaxel+0.001+72hr', 'drug: Paclitaxel', 'time: 72', 'dosage: 0.001')	0.744691177739	0.847899165765	0.0609561961683	0.901852504732	0.882113434275	0.576939784903	0.422848515841	0.802152962464	0.85403009487	0.564466266852	0.177669947087	0.615577898346	0.696459434847	0.381099606302	0.115588435089	0.221971281718	1.13795495289	1.24504426078	0.228467454484	1.10860029919	0.0221648906469
('Alpelisib+10+72hr', 'drug: Alpelisib', 'time: 72', 'dosage: 10')	0.245411778295	0.123205594725	0.0694643318532	1.31905648809	0.403898854536	0.261066914482	0.89796484366	-0.0135881730599	-0.0539771699611	0.659743634184	-0.49410608006	0.469647856634	0.251489939728	0.488118238995	0.369121263105	0.176642837114	0.503367320988	0.0923399671698	-0.455615152627	0.49286739773	0.131785450613
('Palbociclib+0.1+72hr', 'drug: Palbociclib', 'time: 72', 'dosage: 0.1')	0.360219885013	1.01168475788	0.112138425982	0.663902029125	0.773435952473	0.833946754775	0.0966962235548	0.339731941987	0.362662438811	0.544983144169	0.160027076535	0.659580900456	0.993879856604	0.203299215794	-0.214066613936	-0.0474993065404	0.908147085412	1.2799337985	0.198175205156	1.51390082345	-0.35359314978
('Trametinib+0.1+72hr', 'drug: Trametinib', 'time: 72', 'dosage: 0.1')	0.826573856714	-0.587718363835	-0.0751647329016	2.68769955203	0.552137232948	-0.264452368286	2.39459318826	0.192803283566	-0.0042684762645	2.57504682762	-0.631857269055	0.200499416817	-0.11706496388	1.89621473301	3.09838217937	0.0638447202469	0.143459996602	-0.811567646601	-0.599547827463	-0.588543939342	0.901840319908
('Trametinib+0.0003+72hr', 'drug: Trametinib', 'time: 72', 'dosage: 0.0003')	-0.0272244612254	0.330614912298	0.0979110476564	0.444488412674	0.773079580125	1.58985789017	-0.032836684516	0.0018824686948	0.0835950884153	1.28843581342	0.0750172439912	0.803238486992	0.786307403712	0.231206793383	-0.250624140178	-0.267944979656	0.371047412953	0.472410551249	0.114769879348	1.67577955216	-0.410294501394
('Neratinib+0.001+72hr', 'drug: Neratinib', 'time: 72', 'dosage: 0.001')	0.470681290874	0.637690197861	0.0620087350956	0.32421040252	0.602237178285	1.06615949882	-0.144056638603	0.561681880251	0.318010892106	0.676685493599	-0.0622892565653	0.507495303653	0.631521675325	0.0660623670948	-0.0616363053057	-0.213821333298	0.239875469649	0.781027188408	-0.0935819564176	1.24763869755	-0.504403329311
('Neratinib+0.031623+72hr', 'drug: Neratinib', 'time: 72', 'dosage: 0.031623')	0.60493858709	0.674687362288	0.096168395594	0.272233404385	0.161722496331	0.729122811869	-0.0838861111794	0.388562078069	0.0996512201796	0.59203145866	-0.171192717186	0.310492726231	0.430100407231	0.0320480806756	-0.142076516551	-0.201512429709	0.44268261925	0.880376737499	-0.151895632907	1.05979467137	-0.446096103463
('Paclitaxel+0.0001+72hr', 'drug: Paclitaxel', 'time: 72', 'dosage: 0.0001')	0.0660408441668	0.678440513344	0.0853855053616	0.0856578600167	0.314386282904	0.440457964235	-0.153904501481	0.364358125642	0.263412164262	0.329173863429	0.0160254460774	0.354166099872	0.439209981186	-0.245304779233	-0.106818324315	-0.147268090732	0.252216122546	1.00282145566	0.0162600185842	1.09017490323	-0.381626915331
('Trametinib+0.001+72hr', 'drug: Trametinib', 'time: 72', 'dosage: 0.001')	0.038315232088	0.0964785844709	0.0927529341878	0.219642694851	0.0301389688341	0.451196519212	-0.0574633982336	-0.019836013367	0.0167766688871	0.857073619161	-0.214478061989	0.154609271545	0.489803148177	0.0233382333048	-0.162098802279	-0.508709076623	0.424327420082	0.786641811242	-0.107050651919	1.020154352	-0.351276408568
('Trametinib+0.01+72hr', 'drug: Trametinib', 'time: 72', 'dosage: 0.01')	0.356207289692	-0.491480957949	-0.0561907684341	1.26642871906	1.10831851694	0.225062353719	1.44768100223	-0.0297634213656	-0.09034637114	0.844742976311	-0.57852062947	0.147608309019	0.252113808545	1.77564254842	1.24931807296	-0.154789705845	0.521507057789	-0.692292205318	-0.506918946982	0.0674563756305	0.961525516786
('Paclitaxel+0.031623+72hr', 'drug: Paclitaxel', 'time: 72', 'dosage: 0.031623')	-0.238544022152	-0.607922724447	-0.0933436609809	0.201823648436	-0.751968785461	-0.496768515934	-0.0252759653167	0.0288005273292	0.0930516503078	-0.185633258521	-0.606273319043	-0.0592657269007	-0.263162085315	-0.549645603236	0.0245901147232	-0.0310745477853	-0.0520993896545	-0.827947281289	-0.591150975178	-0.853329645305	-0.702466048115
('Alpelisib+1+72hr', 'drug: Alpelisib', 'time: 72', 'dosage: 1')	0.5519551941	0.825283105723	0.0771195903163	0.254831306319	0.130304200953	0.618105558085	-0.151398582438	0.432979258891	0.064637653675	0.0805488577546	-0.367362840373	0.253592150316	0.371336381329	0.0408785843986	-0.0910087085559	-0.138295010801	0.251588874035	1.15836399918	-0.311373799346	0.918210128424	-0.310380989302
('Neratinib+0.1+72hr', 'drug: Neratinib', 'time: 72', 'dosage: 0.1')	0.654531561935	0.207689233209	-0.0137877049292	0.628523396943	0.601004901136	0.758561475324	0.804168665627	0.402662321	0.0871772151455	0.934033522307	-0.394101200433	0.260726389778	0.383420414429	0.935414057345	0.839236930616	0.176750788252	0.922237263981	0.0967097565024	-0.219781468925	0.807827301013	0.617613297373
('Dasatinib+0.031623+72hr', 'drug: Dasatinib', 'time: 72', 'dosage: 0.031623')	-0.0984653313646	-0.0125919375863	0.0424839765734	0.564486567391	1.10433514657	1.34206413587	0.250066990891	-0.113033188648	-0.0318051282459	1.06823675714	-0.00354981769782	0.287366907428	0.717525617477	0.931516917176	0.154311006406	0.191750622948	0.561774753591	0.218543638716	0.213991315965	1.06871697181	0.327136828253
('Vorinostat+0.01+72hr', 'drug: Vorinostat', 'time: 72', 'dosage: 0.01')	0.686287816006	0.893410877828	0.127043057574	0.134712737234	0.246620711646	0.965911854611	-0.260760531392	0.740731556044	0.268407520009	0.186127777288	-0.19079438869	0.26242752012	0.497047703038	0.397344879256	-0.161284648138	-0.172568628589	0.17013154702	0.920424811126	-0.161933218168	1.10802806815	-0.326709925453
('DMSO+0+72hr', 'drug: DMSO', 'time: 72', 'dosage: 0')	0.200149239453	0.364671425851	0.0753158211805	-0.00380356111368	0.109946341165	0.660525650783	-0.402466279094	0.336713833117	0.182850397695	0.107342567203	-0.203019174802	0.0840792581712	0.260489176593	0.162448188698	-0.179984728936	-0.176939853942	0.0807579550507	0.611352476574	-0.157909239487	0.602834117205	-0.302309916502
('Alpelisib+3.1623+72hr', 'drug: Alpelisib', 'time: 72', 'dosage: 3.1623')	0.134336868633	0.355981127645	0.106282121252	0.297063061832	0.109368768508	0.869334492515	-0.163691232665	0.0373886597812	-0.121185297914	0.0442970851925	-0.415784927541	0.148623270761	0.285702021334	0.26566439617	-0.0163351837992	0.0390381364278	0.208646794921	0.435299345372	-0.377832320819	0.605329467227	-0.196770994322
('Neratinib+0.31623+72hr', 'drug: Neratinib', 'time: 72', 'dosage: 0.31623')	0.754032844544	-0.490158138318	-0.0109058275842	0.753340349671	0.172193199474	-0.132211102878	1.62448420249	0.278377061192	-0.146137605143	0.833138700037	-0.643572845283	0.18323500836	-0.188211314195	1.98046885388	2.44122234787	0.345840066106	0.475050063581	-0.735341192052	-0.605551665855	-0.50733211449	2.79038937152
('Paclitaxel+0.00032+72hr', 'drug: Paclitaxel', 'time: 72', 'dosage: 0.00032')	-0.156013367499	0.356568306452	0.0788521982936	-0.0655817495509	0.228494835099	0.619784700915	-0.329637075737	0.151654867235	0.140111252403	0.216350206393	-0.0470190221845	0.184435159587	0.363917058291	0.0558536660875	-0.160322184054	-0.11853926241	0.098457689471	0.552664618734	-0.0112956628623	0.822787401513	-0.283199435085
('Neratinib+0.0032+72hr', 'drug: Neratinib', 'time: 72', 'dosage: 0.0032')	-0.509451209869	-0.0920304817801	0.030288499527	-0.135530754274	0.197781080407	0.659477730146	-0.387238850391	-0.277681000819	0.0114319702222	0.376190177507	-0.0779769039921	0.170206891064	0.386772009662	0.184482265759	-0.151188995072	-0.0728883993874	0.0574725864143	0.188700949755	0.00151719842498	0.777564496112	-0.319843378503
('Dasatinib+0.31623+72hr', 'drug: Dasatinib', 'time: 72', 'dosage: 0.31623')	2.15348094278	0.469863443783	0.11967769696	2.28125915676	1.96280867407	0.603927198653	3.15447839379	1.347649243	0.503832768745	1.66628589914	-0.211382532842	0.341593938819	0.302559251006	3.25195014718	3.90861676367	2.25453019486	1.81550992176	0.137024548098	0.0458345637907	0.264386633285	3.6932286336
('Trametinib+0.31623+72hr', 'drug: Trametinib', 'time: 72', 'dosage: 0.31623')	0.650781514391	-0.609361373451	-0.0816816481989	1.21748189785	0.437939803558	-0.209069501478	1.03411894966	-0.00693607773676	-0.166957943336	0.853850675039	-0.652935310079	0.0841200100647	-0.0617093063436	1.8199906318	1.75352608734	-0.229012089234	-0.0228643881951	-0.818040051222	-0.624869233231	-0.622485012737	1.58398979225
('Alpelisib+0.01+72hr', 'drug: Alpelisib', 'time: 72', 'dosage: 0.01')	-0.0722719899551	0.287499793033	0.0837795148134	0.0516963583835	0.448181220091	0.854593801729	-0.348134844255	0.0658258876264	0.177057820692	0.449930591927	-0.057765801268	0.285647253554	0.512815952951	0.0799683624079	-0.161217385113	-0.0468489315141	0.109445616497	0.60593835343	0.0457213118039	0.88142998779	-0.17597006691
('Palbociclib+0.031623+72hr', 'drug: Palbociclib', 'time: 72', 'dosage: 0.031623')	-0.189952539668	0.452489240291	0.0654376393995	-0.0522605336428	0.434813595278	0.923248679354	-0.364074146569	0.124391062212	0.154640521688	0.247615265482	-0.0122269312642	0.281368336938	0.477693245949	0.32030375545	-0.0979243426889	-0.0782759777886	0.0773275569985	0.542032342866	0.064414983343	0.974337250033	-0.24207389445
('Palbociclib+3.1623+72hr', 'drug: Palbociclib', 'time: 72', 'dosage: 3.1623')	0.67713178573	0.581507983899	0.151310453696	2.2636347403	1.78832290276	2.41635638784	0.0112285097413	0.405744908278	0.463524853251	0.445861009762	0.0266972683615	0.46268459443	1.90821503948	1.48174779181	0.0458333163197	0.597525125559	3.17061867751	0.663369652733	0.309673878829	0.904134660298	0.177275965755
('Dasatinib+3.1623+72hr', 'drug: Dasatinib', 'time: 72', 'dosage: 3.1623')	0.562895234291	-0.561445754879	-0.0724027678261	0.673267066978	-1.16297320688	-0.522400942058	1.05693165614	-0.191523813141	-0.251336185453	-0.175531968147	-0.658612671305	-0.054564547976	-0.325046682465	-0.0632082317381	1.04988460787	0.0179289073544	-0.125151868808	-0.819284460702	-0.670633139218	-0.899827069306	0.0275434432682
('Palbociclib+0.31623+72hr', 'drug: Palbociclib', 'time: 72', 'dosage: 0.31623')	1.04601442156	1.10793467592	0.113736819059	0.519161828219	0.4577539488	1.11638251413	-0.330819838469	0.858263996494	0.45857264632	0.00118423491157	-0.0850261094332	0.149094557826	0.708895393877	0.454815901882	-0.211627500209	0.104465989741	0.982633874557	1.14519229235	-0.129931009056	0.768346107811	-0.239832711513
('Vorinostat+0.31623+72hr', 'drug: Vorinostat', 'time: 72', 'dosage: 0.31623')	1.21758610316	1.5628981875	0.166007032545	0.467909092507	0.131128366102	0.691387211849	-0.486595817257	0.661088356405	0.43657674988	-0.086062275325	-0.127669344969	0.396010292071	0.561379525621	0.136505165091	-0.303808781676	-0.0654787367544	0.466229881121	1.09679661615	-0.147235292462	0.718739215759	-0.272782313108
('Etoposide+0.31623+72hr', 'drug: Etoposide', 'time: 72', 'dosage: 0.31623')	2.42576008442	0.294832100523	0.0129207102193	1.64526186663	-0.090223976928	0.126698373107	-0.232811199965	3.29186144323	3.78731110418	0.0708353105616	-0.531979236433	0.171741356103	0.436140111022	0.118717380638	-0.112366067626	0.453212482446	2.91309156759	0.823169027201	-0.504485789374	0.0353446997083	0.300992538816
('Palbociclib+10+72hr', 'drug: Palbociclib', 'time: 72', 'dosage: 10')	3.45621676453	0.663378615588	0.0390039074943	2.22444658293	0.370173633984	0.411424920141	-0.0581548298384	1.50441389209	0.974250645859	0.131215477983	-0.469671108489	-0.00459715222904	0.69126511993	0.563779227736	0.250082448433	1.19653543915	3.80395780679	1.10831551078	-0.394990291825	-0.0700682731659	0.680523167286
('Vorinostat+0.031623+72hr', 'drug: Vorinostat', 'time: 72', 'dosage: 0.031623')	0.116989136265	0.585222595799	0.0744369353013	-0.109477720831	0.178452714003	0.665686524927	-0.466430952684	0.319821118984	0.185346248289	-0.0244832868366	-0.226910992025	0.130596146509	0.339116280063	0.350173896224	-0.192042292488	-0.033852360914	0.0537541659662	0.691290397582	-0.151680260135	0.607183865543	-0.259650886504
('Alpelisib+0.31623+72hr', 'drug: Alpelisib', 'time: 72', 'dosage: 0.31623')	1.00107341617	0.665442112083	0.0708205873614	0.1060367478	-0.579239671129	0.0350904445314	-0.346769287366	0.849420578267	0.151961073373	-0.0595757134194	-0.533870963378	-0.105905088458	-0.0969384486279	-0.475123989929	-0.108945670737	-0.200060532761	0.0453931092271	0.905385817887	-0.572531464689	0.199254853998	-0.144566424655
('Dasatinib+1+72hr', 'drug: Dasatinib', 'time: 72', 'dosage: 1')	3.1445287566	-0.0362008335168	0.0415969539287	2.4043047501	0.521061283846	0.0493719284228	3.85640092322	1.51955657624	0.423498053878	1.30585951443	-0.449247983122	0.100474310941	-0.0879676302216	2.63236107283	4.5898447035	2.18496247831	1.64468832927	-0.384951173544	-0.295773117883	-0.429293457562	4.72784403501
('Vorinostat+0.1+72hr', 'drug: Vorinostat', 'time: 72', 'dosage: 0.1')	1.39862007683	1.04690552386	0.0891527009283	0.41959315852	-0.0616479191877	0.584336196022	-0.45405780901	0.840358444497	0.175710212552	-0.164460382351	-0.549562840886	0.0872437578306	0.258537029529	0.508778327107	-0.401269945887	-0.233504986884	0.0344735927769	0.723352286647	-0.440685326513	0.441569767887	-0.410398342123
('Dasatinib+0.01+72hr', 'drug: Dasatinib', 'time: 72', 'dosage: 0.01')	1.42077561497	0.540827878875	0.0714098352513	0.218503082605	-0.269903876304	0.153547652883	-0.346158592467	0.903357066701	0.123282167383	0.00098682617838	-0.464887660001	-0.078693954811	-0.0274452282027	0.0707327286966	0.0232727250259	-0.0860204234906	0.115337408196	0.81882172147	-0.49983020464	0.169220762201	-0.0627843845447
('Alpelisib+0.1+72hr', 'drug: Alpelisib', 'time: 72', 'dosage: 0.1')	1.23499210193	0.593554188044	0.0761895070888	0.00402672112176	-0.558843852433	-0.0335145724698	-0.497282200885	0.990334050208	0.235009211828	-0.1434383244	-0.578749527827	-0.129680691249	-0.143161712012	-0.425286497186	-0.258582661984	-0.168697564381	0.0446243079255	0.785163471344	-0.591408213346	0.0566563498954	-0.301454586735
('Palbociclib+0.01+72hr', 'drug: Palbociclib', 'time: 72', 'dosage: 0.01')	0.90727108232	0.608747514624	0.0892036899884	-0.0320689993046	-0.285873657966	0.193795389356	-0.548372407723	0.924911214206	0.321459902882	-0.0655160737723	-0.338949644421	-0.059282552642	0.00355806382725	-0.186190082041	-0.232886064997	-0.202986139113	0.0760420740452	0.883188126391	-0.456503689893	0.323914313881	-0.341770495746
('Etoposide+0.01+72hr', 'drug: Etoposide', 'time: 72', 'dosage: 0.01')	0.369343523741	0.507168927467	0.0868113920757	-0.0672815941564	-0.047486873658	0.432255471936	-0.470493602567	0.616396647493	0.342482010781	-0.070443438394	-0.227000006243	0.048298712822	0.186334100571	0.0497385805511	-0.25192032128	-0.132182123192	0.0949376384672	0.820418540154	-0.199418857107	0.464461646892	-0.256305413411
('Paclitaxel+0.1+72hr', 'drug: Paclitaxel', 'time: 72', 'dosage: 0.1')	-0.566928617906	-0.60900578614	-0.101702671377	-0.333796501733	-1.20817247881	-0.521585763412	-0.671579616697	-0.5151927154	-0.239324962088	-0.383371236999	-0.660110385121	-0.190294277831	-0.299632321943	-1.1951239266	-0.591896146817	-0.437885747422	-0.39988376693	-0.843026522595	-0.696597593141	-0.909682793562	-1.08719549593
('Etoposide+0.1+72hr', 'drug: Etoposide', 'time: 72', 'dosage: 0.1')	1.81351732488	0.386133709054	0.0491606204831	0.623660236411	-0.285210942836	0.20270245222	-0.368216480652	2.12801612594	1.54747204193	-0.0812461873928	-0.390942994804	0.00758285960709	0.192904315893	-0.290255096919	-0.322035594196	-0.0178534560204	1.03087461931	1.15262799227	-0.459279789451	0.215617925683	-0.0908388313244
('Paclitaxel+0.01+72hr', 'drug: Paclitaxel', 'time: 72', 'dosage: 0.01')	1.88082638567	-0.568264312864	-0.072063869771	2.10422792695	-0.261454394695	-0.455048467745	1.26232066422	2.58665091974	1.150330072	-0.122807361706	-0.614067308376	-0.00178296988791	-0.206550911098	0.946043000574	1.42159352177	1.05568318993	0.262001231366	-0.818133758358	-0.549646941329	-0.832085347435	1.94672863142
('Vorinostat+1+72hr', 'drug: Vorinostat', 'time: 72', 'dosage: 1')	1.60221399864	0.957398407286	0.0495820948472	1.73561161775	0.295241990705	0.465031957571	-0.166540831365	0.315870237206	1.47551932752	-0.0036996864824	-0.435020310281	0.735626725154	1.10370464287	1.15444923227	-0.0259242718705	0.29022438334	1.34229411998	0.139475166062	-0.316386610376	0.33305896379	0.496781324845
